{"__meta":{"schema_version":3,"schema_name":"DRFModelV3","schema_type":"DRFModel"},"model_id":{"__meta":{"schema_version":3,"schema_name":"ModelKeyV3","schema_type":"Key<Model>"},"name":"drf-100-50-10fold-battle_results","type":"Key<Model>","URL":"/3/Models/drf-100-50-10fold-battle_results"},"algo":"drf","algo_full_name":"Distributed Random Forest","response_column_name":"Target Name","data_frame":{"__meta":{"schema_version":3,"schema_name":"FrameKeyV3","schema_type":"Key<Frame>"},"name":"train.hex","type":"Key<Frame>","URL":"/3/Frames/train.hex"},"timestamp":1592620292220,"have_pojo":true,"have_mojo":true,"algo":"drf","algo_full_name":"Distributed Random Forest","model_id":{"__meta":{"schema_version":3,"schema_name":"ModelKeyV3","schema_type":"Key<Model>"},"name":"drf-100-50-10fold-battle_results","type":"Key<Model>","URL":"/3/Models/drf-100-50-10fold-battle_results"},"parameters":[{"__meta":{"schema_version":3,"schema_name":"ModelParameterSchemaV3","schema_type":"Iced"},"name":"model_id","label":"model_id","help":"Destination id for this model; auto-generated if not specified.","required":false,"type":"Key<Model>","default_value":null,"actual_value":{"__meta":{"schema_version":3,"schema_name":"ModelKeyV3","schema_type":"Key<Model>"},"name":"drf-100-50-10fold-battle_results","type":"Key<Model>","URL":"/3/Models/drf-100-50-10fold-battle_results"},"level":"critical","values":[],"is_member_of_frames":[],"is_mutually_exclusive_with":[],"gridable":false},{"__meta":{"schema_version":3,"schema_name":"ModelParameterSchemaV3","schema_type":"Iced"},"name":"training_frame","label":"training_frame","help":"Id of the training data frame.","required":false,"type":"Key<Frame>","default_value":null,"actual_value":{"__meta":{"schema_version":3,"schema_name":"FrameKeyV3","schema_type":"Key<Frame>"},"name":"train.hex","type":"Key<Frame>","URL":"/3/Frames/train.hex"},"level":"critical","values":[],"is_member_of_frames":[],"is_mutually_exclusive_with":[],"gridable":false},{"__meta":{"schema_version":3,"schema_name":"ModelParameterSchemaV3","schema_type":"Iced"},"name":"validation_frame","label":"validation_frame","help":"Id of the validation data frame.","required":false,"type":"Key<Frame>","default_value":null,"actual_value":{"__meta":{"schema_version":3,"schema_name":"FrameKeyV3","schema_type":"Key<Frame>"},"name":"test.hex","type":"Key<Frame>","URL":"/3/Frames/test.hex"},"level":"critical","values":[],"is_member_of_frames":[],"is_mutually_exclusive_with":[],"gridable":true},{"__meta":{"schema_version":3,"schema_name":"ModelParameterSchemaV3","schema_type":"Iced"},"name":"nfolds","label":"nfolds","help":"Number of folds for K-fold cross-validation (0 to disable or >= 2).","required":false,"type":"int","default_value":0,"actual_value":10,"level":"critical","values":[],"is_member_of_frames":[],"is_mutually_exclusive_with":[],"gridable":false},{"__meta":{"schema_version":3,"schema_name":"ModelParameterSchemaV3","schema_type":"Iced"},"name":"keep_cross_validation_models","label":"keep_cross_validation_models","help":"Whether to keep the cross-validation models.","required":false,"type":"boolean","default_value":true,"actual_value":true,"level":"expert","values":[],"is_member_of_frames":[],"is_mutually_exclusive_with":[],"gridable":false},{"__meta":{"schema_version":3,"schema_name":"ModelParameterSchemaV3","schema_type":"Iced"},"name":"keep_cross_validation_predictions","label":"keep_cross_validation_predictions","help":"Whether to keep the predictions of the cross-validation models.","required":false,"type":"boolean","default_value":false,"actual_value":false,"level":"expert","values":[],"is_member_of_frames":[],"is_mutually_exclusive_with":[],"gridable":false},{"__meta":{"schema_version":3,"schema_name":"ModelParameterSchemaV3","schema_type":"Iced"},"name":"keep_cross_validation_fold_assignment","label":"keep_cross_validation_fold_assignment","help":"Whether to keep the cross-validation fold assignment.","required":false,"type":"boolean","default_value":false,"actual_value":false,"level":"expert","values":[],"is_member_of_frames":[],"is_mutually_exclusive_with":[],"gridable":false},{"__meta":{"schema_version":3,"schema_name":"ModelParameterSchemaV3","schema_type":"Iced"},"name":"score_each_iteration","label":"score_each_iteration","help":"Whether to score during each iteration of model training.","required":false,"type":"boolean","default_value":false,"actual_value":true,"level":"secondary","values":[],"is_member_of_frames":[],"is_mutually_exclusive_with":[],"gridable":false},{"__meta":{"schema_version":3,"schema_name":"ModelParameterSchemaV3","schema_type":"Iced"},"name":"score_tree_interval","label":"score_tree_interval","help":"Score the model after every so many trees. Disabled if set to 0.","required":false,"type":"int","default_value":0,"actual_value":0,"level":"secondary","values":[],"is_member_of_frames":[],"is_mutually_exclusive_with":[],"gridable":false},{"__meta":{"schema_version":3,"schema_name":"ModelParameterSchemaV3","schema_type":"Iced"},"name":"fold_assignment","label":"fold_assignment","help":"Cross-validation fold assignment scheme, if fold_column is not specified. The 'Stratified' option will stratify the folds based on the response variable, for classification problems.","required":false,"type":"enum","default_value":"AUTO","actual_value":"AUTO","level":"secondary","values":["AUTO","Random","Modulo","Stratified"],"is_member_of_frames":[],"is_mutually_exclusive_with":[],"gridable":true},{"__meta":{"schema_version":3,"schema_name":"ModelParameterSchemaV3","schema_type":"Iced"},"name":"fold_column","label":"fold_column","help":"Column with cross-validation fold index assignment per observation.","required":false,"type":"VecSpecifier","default_value":null,"actual_value":null,"level":"secondary","values":[],"is_member_of_frames":["training_frame"],"is_mutually_exclusive_with":["response_column","weights_column","ignored_columns","offset_column"],"gridable":true},{"__meta":{"schema_version":3,"schema_name":"ModelParameterSchemaV3","schema_type":"Iced"},"name":"response_column","label":"response_column","help":"Response variable column.","required":false,"type":"VecSpecifier","default_value":null,"actual_value":{"__meta":{"schema_version":3,"schema_name":"ColSpecifierV3","schema_type":"VecSpecifier"},"column_name":"Target Name","is_member_of_frames":null},"level":"critical","values":[],"is_member_of_frames":["training_frame","validation_frame"],"is_mutually_exclusive_with":["weights_column","ignored_columns","offset_column","fold_column"],"gridable":true},{"__meta":{"schema_version":3,"schema_name":"ModelParameterSchemaV3","schema_type":"Iced"},"name":"ignored_columns","label":"ignored_columns","help":"Names of columns to ignore for training.","required":false,"type":"string[]","default_value":null,"actual_value":null,"level":"critical","values":[],"is_member_of_frames":["training_frame","validation_frame"],"is_mutually_exclusive_with":["response_column","weights_column","offset_column","fold_column"],"gridable":false},{"__meta":{"schema_version":3,"schema_name":"ModelParameterSchemaV3","schema_type":"Iced"},"name":"ignore_const_cols","label":"ignore_const_cols","help":"Ignore constant columns.","required":false,"type":"boolean","default_value":true,"actual_value":true,"level":"critical","values":[],"is_member_of_frames":[],"is_mutually_exclusive_with":[],"gridable":false},{"__meta":{"schema_version":3,"schema_name":"ModelParameterSchemaV3","schema_type":"Iced"},"name":"offset_column","label":"offset_column","help":"Offset column. This will be added to the combination of columns before applying the link function.","required":false,"type":"VecSpecifier","default_value":null,"actual_value":null,"level":"secondary","values":[],"is_member_of_frames":["training_frame","validation_frame"],"is_mutually_exclusive_with":["response_column","weights_column","ignored_columns","fold_column"],"gridable":true},{"__meta":{"schema_version":3,"schema_name":"ModelParameterSchemaV3","schema_type":"Iced"},"name":"weights_column","label":"weights_column","help":"Column with observation weights. Giving some observation a weight of zero is equivalent to excluding it from the dataset; giving an observation a relative weight of 2 is equivalent to repeating that row twice. Negative weights are not allowed. Note: Weights are per-row observation weights and do not increase the size of the data frame. This is typically the number of times a row is repeated, but non-integer values are supported as well. During training, rows with higher weights matter more, due to the larger loss function pre-factor.","required":false,"type":"VecSpecifier","default_value":null,"actual_value":null,"level":"secondary","values":[],"is_member_of_frames":["training_frame","validation_frame"],"is_mutually_exclusive_with":["response_column","ignored_columns","offset_column","fold_column"],"gridable":true},{"__meta":{"schema_version":3,"schema_name":"ModelParameterSchemaV3","schema_type":"Iced"},"name":"balance_classes","label":"balance_classes","help":"Balance training data class counts via over/under-sampling (for imbalanced data).","required":false,"type":"boolean","default_value":false,"actual_value":true,"level":"secondary","values":[],"is_member_of_frames":[],"is_mutually_exclusive_with":[],"gridable":true},{"__meta":{"schema_version":3,"schema_name":"ModelParameterSchemaV3","schema_type":"Iced"},"name":"class_sampling_factors","label":"class_sampling_factors","help":"Desired over/under-sampling ratios per class (in lexicographic order). If not specified, sampling factors will be automatically computed to obtain class balance during training. Requires balance_classes.","required":false,"type":"float[]","default_value":null,"actual_value":null,"level":"expert","values":[],"is_member_of_frames":[],"is_mutually_exclusive_with":[],"gridable":true},{"__meta":{"schema_version":3,"schema_name":"ModelParameterSchemaV3","schema_type":"Iced"},"name":"max_after_balance_size","label":"max_after_balance_size","help":"Maximum relative size of the training data after balancing class counts (can be less than 1.0). Requires balance_classes.","required":false,"type":"float","default_value":5.0,"actual_value":5.0,"level":"expert","values":[],"is_member_of_frames":[],"is_mutually_exclusive_with":[],"gridable":true},{"__meta":{"schema_version":3,"schema_name":"ModelParameterSchemaV3","schema_type":"Iced"},"name":"max_confusion_matrix_size","label":"max_confusion_matrix_size","help":"[Deprecated] Maximum size (# classes) for confusion matrices to be printed in the Logs","required":false,"type":"int","default_value":20,"actual_value":20,"level":"secondary","values":[],"is_member_of_frames":[],"is_mutually_exclusive_with":[],"gridable":false},{"__meta":{"schema_version":3,"schema_name":"ModelParameterSchemaV3","schema_type":"Iced"},"name":"max_hit_ratio_k","label":"max_hit_ratio_k","help":"Max. number (top K) of predictions to use for hit ratio computation (for multi-class only, 0 to disable)","required":false,"type":"int","default_value":0,"actual_value":0,"level":"secondary","values":[],"is_member_of_frames":[],"is_mutually_exclusive_with":[],"gridable":false},{"__meta":{"schema_version":3,"schema_name":"ModelParameterSchemaV3","schema_type":"Iced"},"name":"ntrees","label":"ntrees","help":"Number of trees.","required":false,"type":"int","default_value":50,"actual_value":100,"level":"critical","values":[],"is_member_of_frames":[],"is_mutually_exclusive_with":[],"gridable":true},{"__meta":{"schema_version":3,"schema_name":"ModelParameterSchemaV3","schema_type":"Iced"},"name":"max_depth","label":"max_depth","help":"Maximum tree depth.","required":false,"type":"int","default_value":20,"actual_value":50,"level":"critical","values":[],"is_member_of_frames":[],"is_mutually_exclusive_with":[],"gridable":true},{"__meta":{"schema_version":3,"schema_name":"ModelParameterSchemaV3","schema_type":"Iced"},"name":"min_rows","label":"min_rows","help":"Fewest allowed (weighted) observations in a leaf.","required":false,"type":"double","default_value":1.0,"actual_value":1.0,"level":"critical","values":[],"is_member_of_frames":[],"is_mutually_exclusive_with":[],"gridable":true},{"__meta":{"schema_version":3,"schema_name":"ModelParameterSchemaV3","schema_type":"Iced"},"name":"nbins","label":"nbins","help":"For numerical columns (real/int), build a histogram of (at least) this many bins, then split at the best point","required":false,"type":"int","default_value":20,"actual_value":20,"level":"critical","values":[],"is_member_of_frames":[],"is_mutually_exclusive_with":[],"gridable":true},{"__meta":{"schema_version":3,"schema_name":"ModelParameterSchemaV3","schema_type":"Iced"},"name":"nbins_top_level","label":"nbins_top_level","help":"For numerical columns (real/int), build a histogram of (at most) this many bins at the root level, then decrease by factor of two per level","required":false,"type":"int","default_value":1024,"actual_value":1024,"level":"secondary","values":[],"is_member_of_frames":[],"is_mutually_exclusive_with":[],"gridable":true},{"__meta":{"schema_version":3,"schema_name":"ModelParameterSchemaV3","schema_type":"Iced"},"name":"nbins_cats","label":"nbins_cats","help":"For categorical columns (factors), build a histogram of this many bins, then split at the best point. Higher values can lead to more overfitting.","required":false,"type":"int","default_value":1024,"actual_value":1024,"level":"secondary","values":[],"is_member_of_frames":[],"is_mutually_exclusive_with":[],"gridable":true},{"__meta":{"schema_version":3,"schema_name":"ModelParameterSchemaV3","schema_type":"Iced"},"name":"r2_stopping","label":"r2_stopping","help":"r2_stopping is no longer supported and will be ignored if set - please use stopping_rounds, stopping_metric and stopping_tolerance instead. Previous version of H2O would stop making trees when the R^2 metric equals or exceeds this","required":false,"type":"double","default_value":1.7976931348623157E308,"actual_value":1.7976931348623157E308,"level":"secondary","values":[],"is_member_of_frames":[],"is_mutually_exclusive_with":[],"gridable":true},{"__meta":{"schema_version":3,"schema_name":"ModelParameterSchemaV3","schema_type":"Iced"},"name":"stopping_rounds","label":"stopping_rounds","help":"Early stopping based on convergence of stopping_metric. Stop if simple moving average of length k of the stopping_metric does not improve for k:=stopping_rounds scoring events (0 to disable)","required":false,"type":"int","default_value":0,"actual_value":0,"level":"secondary","values":[],"is_member_of_frames":[],"is_mutually_exclusive_with":[],"gridable":true},{"__meta":{"schema_version":3,"schema_name":"ModelParameterSchemaV3","schema_type":"Iced"},"name":"stopping_metric","label":"stopping_metric","help":"Metric to use for early stopping (AUTO: logloss for classification, deviance for regression and anonomaly_score for Isolation Forest). Note that custom and custom_increasing can only be used in GBM and DRF with the Python client.","required":false,"type":"enum","default_value":"AUTO","actual_value":"AUTO","level":"secondary","values":["AUTO","deviance","logloss","MSE","RMSE","MAE","RMSLE","AUC","AUCPR","lift_top_group","misclassification","mean_per_class_error","anomaly_score","custom","custom_increasing"],"is_member_of_frames":[],"is_mutually_exclusive_with":[],"gridable":true},{"__meta":{"schema_version":3,"schema_name":"ModelParameterSchemaV3","schema_type":"Iced"},"name":"stopping_tolerance","label":"stopping_tolerance","help":"Relative tolerance for metric-based stopping criterion (stop if relative improvement is not at least this much)","required":false,"type":"double","default_value":0.001,"actual_value":0.001,"level":"secondary","values":[],"is_member_of_frames":[],"is_mutually_exclusive_with":[],"gridable":true},{"__meta":{"schema_version":3,"schema_name":"ModelParameterSchemaV3","schema_type":"Iced"},"name":"max_runtime_secs","label":"max_runtime_secs","help":"Maximum allowed runtime in seconds for model training. Use 0 to disable.","required":false,"type":"double","default_value":0.0,"actual_value":0.0,"level":"secondary","values":[],"is_member_of_frames":[],"is_mutually_exclusive_with":[],"gridable":true},{"__meta":{"schema_version":3,"schema_name":"ModelParameterSchemaV3","schema_type":"Iced"},"name":"seed","label":"seed","help":"Seed for pseudo random number generator (if applicable)","required":false,"type":"long","default_value":-1,"actual_value":5786802481963622389,"level":"critical","values":[],"is_member_of_frames":[],"is_mutually_exclusive_with":[],"gridable":true},{"__meta":{"schema_version":3,"schema_name":"ModelParameterSchemaV3","schema_type":"Iced"},"name":"build_tree_one_node","label":"build_tree_one_node","help":"Run on one node only; no network overhead but fewer cpus used. Suitable for small datasets.","required":false,"type":"boolean","default_value":false,"actual_value":false,"level":"expert","values":[],"is_member_of_frames":[],"is_mutually_exclusive_with":[],"gridable":false},{"__meta":{"schema_version":3,"schema_name":"ModelParameterSchemaV3","schema_type":"Iced"},"name":"mtries","label":"mtries","help":"Number of variables randomly sampled as candidates at each split. If set to -1, defaults to sqrt{p} for classification and p/3 for regression (where p is the # of predictors","required":false,"type":"int","default_value":-1,"actual_value":-1,"level":"critical","values":[],"is_member_of_frames":[],"is_mutually_exclusive_with":[],"gridable":true},{"__meta":{"schema_version":3,"schema_name":"ModelParameterSchemaV3","schema_type":"Iced"},"name":"sample_rate","label":"sample_rate","help":"Row sample rate per tree (from 0.0 to 1.0)","required":false,"type":"double","default_value":0.632,"actual_value":0.632,"level":"critical","values":[],"is_member_of_frames":[],"is_mutually_exclusive_with":[],"gridable":true},{"__meta":{"schema_version":3,"schema_name":"ModelParameterSchemaV3","schema_type":"Iced"},"name":"sample_rate_per_class","label":"sample_rate_per_class","help":"A list of row sample rates per class (relative fraction for each class, from 0.0 to 1.0), for each tree","required":false,"type":"double[]","default_value":null,"actual_value":null,"level":"expert","values":[],"is_member_of_frames":[],"is_mutually_exclusive_with":[],"gridable":true},{"__meta":{"schema_version":3,"schema_name":"ModelParameterSchemaV3","schema_type":"Iced"},"name":"binomial_double_trees","label":"binomial_double_trees","help":"For binary classification: Build 2x as many trees (one per class) - can lead to higher accuracy.","required":false,"type":"boolean","default_value":false,"actual_value":false,"level":"expert","values":[],"is_member_of_frames":[],"is_mutually_exclusive_with":[],"gridable":false},{"__meta":{"schema_version":3,"schema_name":"ModelParameterSchemaV3","schema_type":"Iced"},"name":"checkpoint","label":"checkpoint","help":"Model checkpoint to resume training with.","required":false,"type":"Key<Model>","default_value":null,"actual_value":null,"level":"secondary","values":[],"is_member_of_frames":[],"is_mutually_exclusive_with":[],"gridable":false},{"__meta":{"schema_version":3,"schema_name":"ModelParameterSchemaV3","schema_type":"Iced"},"name":"col_sample_rate_change_per_level","label":"col_sample_rate_change_per_level","help":"Relative change of the column sampling rate for every level (must be > 0.0 and <= 2.0)","required":false,"type":"double","default_value":1.0,"actual_value":1.0,"level":"expert","values":[],"is_member_of_frames":[],"is_mutually_exclusive_with":[],"gridable":true},{"__meta":{"schema_version":3,"schema_name":"ModelParameterSchemaV3","schema_type":"Iced"},"name":"col_sample_rate_per_tree","label":"col_sample_rate_per_tree","help":"Column sample rate per tree (from 0.0 to 1.0)","required":false,"type":"double","default_value":1.0,"actual_value":1.0,"level":"secondary","values":[],"is_member_of_frames":[],"is_mutually_exclusive_with":[],"gridable":true},{"__meta":{"schema_version":3,"schema_name":"ModelParameterSchemaV3","schema_type":"Iced"},"name":"min_split_improvement","label":"min_split_improvement","help":"Minimum relative improvement in squared error reduction for a split to happen","required":false,"type":"double","default_value":1.0E-5,"actual_value":1.0E-5,"level":"secondary","values":[],"is_member_of_frames":[],"is_mutually_exclusive_with":[],"gridable":true},{"__meta":{"schema_version":3,"schema_name":"ModelParameterSchemaV3","schema_type":"Iced"},"name":"histogram_type","label":"histogram_type","help":"What type of histogram to use for finding optimal split points","required":false,"type":"enum","default_value":"AUTO","actual_value":"AUTO","level":"secondary","values":["AUTO","UniformAdaptive","Random","QuantilesGlobal","RoundRobin"],"is_member_of_frames":[],"is_mutually_exclusive_with":[],"gridable":true},{"__meta":{"schema_version":3,"schema_name":"ModelParameterSchemaV3","schema_type":"Iced"},"name":"categorical_encoding","label":"categorical_encoding","help":"Encoding scheme for categorical features","required":false,"type":"enum","default_value":"AUTO","actual_value":"AUTO","level":"secondary","values":["AUTO","Enum","OneHotInternal","OneHotExplicit","Binary","Eigen","LabelEncoder","SortByResponse","EnumLimited"],"is_member_of_frames":[],"is_mutually_exclusive_with":[],"gridable":true},{"__meta":{"schema_version":3,"schema_name":"ModelParameterSchemaV3","schema_type":"Iced"},"name":"calibrate_model","label":"calibrate_model","help":"Use Platt Scaling to calculate calibrated class probabilities. Calibration can provide more accurate estimates of class probabilities.","required":false,"type":"boolean","default_value":false,"actual_value":false,"level":"expert","values":[],"is_member_of_frames":[],"is_mutually_exclusive_with":[],"gridable":false},{"__meta":{"schema_version":3,"schema_name":"ModelParameterSchemaV3","schema_type":"Iced"},"name":"calibration_frame","label":"calibration_frame","help":"Calibration frame for Platt Scaling","required":false,"type":"Key<Frame>","default_value":null,"actual_value":null,"level":"expert","values":[],"is_member_of_frames":[],"is_mutually_exclusive_with":[],"gridable":false},{"__meta":{"schema_version":3,"schema_name":"ModelParameterSchemaV3","schema_type":"Iced"},"name":"distribution","label":"distribution","help":"Distribution function","required":false,"type":"enum","default_value":"AUTO","actual_value":"multinomial","level":"secondary","values":["AUTO","bernoulli","quasibinomial","ordinal","multinomial","gaussian","poisson","gamma","tweedie","laplace","quantile","huber","custom"],"is_member_of_frames":[],"is_mutually_exclusive_with":[],"gridable":true},{"__meta":{"schema_version":3,"schema_name":"ModelParameterSchemaV3","schema_type":"Iced"},"name":"custom_metric_func","label":"custom_metric_func","help":"Reference to custom evaluation function, format: `language:keyName=funcName`","required":false,"type":"string","default_value":null,"actual_value":null,"level":"secondary","values":[],"is_member_of_frames":[],"is_mutually_exclusive_with":[],"gridable":false},{"__meta":{"schema_version":3,"schema_name":"ModelParameterSchemaV3","schema_type":"Iced"},"name":"export_checkpoints_dir","label":"export_checkpoints_dir","help":"Automatically export generated models to this directory.","required":false,"type":"string","default_value":null,"actual_value":null,"level":"secondary","values":[],"is_member_of_frames":[],"is_mutually_exclusive_with":[],"gridable":false},{"__meta":{"schema_version":3,"schema_name":"ModelParameterSchemaV3","schema_type":"Iced"},"name":"check_constant_response","label":"check_constant_response","help":"Check if response column is constant. If enabled, then an exception is thrown if the response column is a constant value.If disabled, then model will train regardless of the response column being a constant value or not.","required":false,"type":"boolean","default_value":true,"actual_value":true,"level":"expert","values":[],"is_member_of_frames":[],"is_mutually_exclusive_with":[],"gridable":false}],"output":{"__meta":{"schema_version":3,"schema_name":"DRFModelOutputV3","schema_type":"DRFOutput"},"names":["Target Pos X","Target Pos Y","Target Heading","Target Velocity","Power","Distance","Hit","Target Name"],"original_names":null,"column_types":["Numeric","Numeric","Numeric","Numeric","Numeric","Numeric","Numeric","Enum"],"domains":[null,null,null,null,null,null,null,["sample.Corners","sample.Crazy","sample.Fire","sample.SittingDuck","sample.Walls"]],"cross_validation_models":[{"__meta":{"schema_version":3,"schema_name":"ModelKeyV3","schema_type":"Key<Model>"},"name":"drf-100-50-10fold-battle_results_cv_1","type":"Key<Model>","URL":"/3/Models/drf-100-50-10fold-battle_results_cv_1"},{"__meta":{"schema_version":3,"schema_name":"ModelKeyV3","schema_type":"Key<Model>"},"name":"drf-100-50-10fold-battle_results_cv_2","type":"Key<Model>","URL":"/3/Models/drf-100-50-10fold-battle_results_cv_2"},{"__meta":{"schema_version":3,"schema_name":"ModelKeyV3","schema_type":"Key<Model>"},"name":"drf-100-50-10fold-battle_results_cv_3","type":"Key<Model>","URL":"/3/Models/drf-100-50-10fold-battle_results_cv_3"},{"__meta":{"schema_version":3,"schema_name":"ModelKeyV3","schema_type":"Key<Model>"},"name":"drf-100-50-10fold-battle_results_cv_4","type":"Key<Model>","URL":"/3/Models/drf-100-50-10fold-battle_results_cv_4"},{"__meta":{"schema_version":3,"schema_name":"ModelKeyV3","schema_type":"Key<Model>"},"name":"drf-100-50-10fold-battle_results_cv_5","type":"Key<Model>","URL":"/3/Models/drf-100-50-10fold-battle_results_cv_5"},{"__meta":{"schema_version":3,"schema_name":"ModelKeyV3","schema_type":"Key<Model>"},"name":"drf-100-50-10fold-battle_results_cv_6","type":"Key<Model>","URL":"/3/Models/drf-100-50-10fold-battle_results_cv_6"},{"__meta":{"schema_version":3,"schema_name":"ModelKeyV3","schema_type":"Key<Model>"},"name":"drf-100-50-10fold-battle_results_cv_7","type":"Key<Model>","URL":"/3/Models/drf-100-50-10fold-battle_results_cv_7"},{"__meta":{"schema_version":3,"schema_name":"ModelKeyV3","schema_type":"Key<Model>"},"name":"drf-100-50-10fold-battle_results_cv_8","type":"Key<Model>","URL":"/3/Models/drf-100-50-10fold-battle_results_cv_8"},{"__meta":{"schema_version":3,"schema_name":"ModelKeyV3","schema_type":"Key<Model>"},"name":"drf-100-50-10fold-battle_results_cv_9","type":"Key<Model>","URL":"/3/Models/drf-100-50-10fold-battle_results_cv_9"},{"__meta":{"schema_version":3,"schema_name":"ModelKeyV3","schema_type":"Key<Model>"},"name":"drf-100-50-10fold-battle_results_cv_10","type":"Key<Model>","URL":"/3/Models/drf-100-50-10fold-battle_results_cv_10"}],"cross_validation_predictions":null,"cross_validation_holdout_predictions_frame_id":null,"cross_validation_fold_assignment_frame_id":null,"model_category":"Multinomial","model_summary":{"__meta":{"schema_version":3,"schema_name":"TwoDimTableV3","schema_type":"TwoDimTable"},"name":"Model Summary","description":"","columns":[{"__meta":{"schema_version":-1,"schema_name":"ColumnSpecsBase","schema_type":"Iced"},"name":"","type":"string","format":"%s","description":""},{"__meta":{"schema_version":-1,"schema_name":"ColumnSpecsBase","schema_type":"Iced"},"name":"number_of_trees","type":"long","format":"%d","description":"Number of Trees"},{"__meta":{"schema_version":-1,"schema_name":"ColumnSpecsBase","schema_type":"Iced"},"name":"number_of_internal_trees","type":"long","format":"%d","description":"Number of Internal Trees"},{"__meta":{"schema_version":-1,"schema_name":"ColumnSpecsBase","schema_type":"Iced"},"name":"model_size_in_bytes","type":"long","format":"%d","description":"Model Size in Bytes"},{"__meta":{"schema_version":-1,"schema_name":"ColumnSpecsBase","schema_type":"Iced"},"name":"min_depth","type":"long","format":"%d","description":"Min. Depth"},{"__meta":{"schema_version":-1,"schema_name":"ColumnSpecsBase","schema_type":"Iced"},"name":"max_depth","type":"long","format":"%d","description":"Max. Depth"},{"__meta":{"schema_version":-1,"schema_name":"ColumnSpecsBase","schema_type":"Iced"},"name":"mean_depth","type":"double","format":"%.5f","description":"Mean Depth"},{"__meta":{"schema_version":-1,"schema_name":"ColumnSpecsBase","schema_type":"Iced"},"name":"min_leaves","type":"long","format":"%d","description":"Min. Leaves"},{"__meta":{"schema_version":-1,"schema_name":"ColumnSpecsBase","schema_type":"Iced"},"name":"max_leaves","type":"long","format":"%d","description":"Max. Leaves"},{"__meta":{"schema_version":-1,"schema_name":"ColumnSpecsBase","schema_type":"Iced"},"name":"mean_leaves","type":"double","format":"%.5f","description":"Mean Leaves"}],"rowcount":1,"data":[[""],[100],[500],[4644522],[18],[38],[25.91],[460],[1117],[735.638]]},"scoring_history":{"__meta":{"schema_version":3,"schema_name":"TwoDimTableV3","schema_type":"TwoDimTable"},"name":"Scoring History","description":"","columns":[{"__meta":{"schema_version":-1,"schema_name":"ColumnSpecsBase","schema_type":"Iced"},"name":"","type":"string","format":"%s","description":""},{"__meta":{"schema_version":-1,"schema_name":"ColumnSpecsBase","schema_type":"Iced"},"name":"timestamp","type":"string","format":"%s","description":"Timestamp"},{"__meta":{"schema_version":-1,"schema_name":"ColumnSpecsBase","schema_type":"Iced"},"name":"duration","type":"string","format":"%s","description":"Duration"},{"__meta":{"schema_version":-1,"schema_name":"ColumnSpecsBase","schema_type":"Iced"},"name":"number_of_trees","type":"long","format":"%d","description":"Number of Trees"},{"__meta":{"schema_version":-1,"schema_name":"ColumnSpecsBase","schema_type":"Iced"},"name":"training_rmse","type":"double","format":"%.5f","description":"Training RMSE"},{"__meta":{"schema_version":-1,"schema_name":"ColumnSpecsBase","schema_type":"Iced"},"name":"training_logloss","type":"double","format":"%.5f","description":"Training LogLoss"},{"__meta":{"schema_version":-1,"schema_name":"ColumnSpecsBase","schema_type":"Iced"},"name":"training_classification_error","type":"double","format":"%.5f","description":"Training Classification Error"},{"__meta":{"schema_version":-1,"schema_name":"ColumnSpecsBase","schema_type":"Iced"},"name":"validation_rmse","type":"double","format":"%.5f","description":"Validation RMSE"},{"__meta":{"schema_version":-1,"schema_name":"ColumnSpecsBase","schema_type":"Iced"},"name":"validation_logloss","type":"double","format":"%.5f","description":"Validation LogLoss"},{"__meta":{"schema_version":-1,"schema_name":"ColumnSpecsBase","schema_type":"Iced"},"name":"validation_classification_error","type":"double","format":"%.5f","description":"Validation Classification Error"}],"rowcount":101,"data":[["","","","","","","","","","","","","","","","","","","","","","","","","","","","","","","","","","","","","","","","","","","","","","","","","","","","","","","","","","","","","","","","","","","","","","","","","","","","","","","","","","","","","","","","","","","","","","","","","","","","",""],["2020-06-20 03:31:06","2020-06-20 03:31:06","2020-06-20 03:31:07","2020-06-20 03:31:07","2020-06-20 03:31:07","2020-06-20 03:31:07","2020-06-20 03:31:07","2020-06-20 03:31:07","2020-06-20 03:31:07","2020-06-20 03:31:07","2020-06-20 03:31:08","2020-06-20 03:31:08","2020-06-20 03:31:08","2020-06-20 03:31:08","2020-06-20 03:31:08","2020-06-20 03:31:08","2020-06-20 03:31:09","2020-06-20 03:31:09","2020-06-20 03:31:09","2020-06-20 03:31:09","2020-06-20 03:31:09","2020-06-20 03:31:10","2020-06-20 03:31:10","2020-06-20 03:31:10","2020-06-20 03:31:10","2020-06-20 03:31:10","2020-06-20 03:31:10","2020-06-20 03:31:11","2020-06-20 03:31:11","2020-06-20 03:31:11","2020-06-20 03:31:11","2020-06-20 03:31:12","2020-06-20 03:31:12","2020-06-20 03:31:12","2020-06-20 03:31:12","2020-06-20 03:31:12","2020-06-20 03:31:13","2020-06-20 03:31:13","2020-06-20 03:31:13","2020-06-20 03:31:13","2020-06-20 03:31:14","2020-06-20 03:31:14","2020-06-20 03:31:14","2020-06-20 03:31:14","2020-06-20 03:31:15","2020-06-20 03:31:15","2020-06-20 03:31:15","2020-06-20 03:31:15","2020-06-20 03:31:15","2020-06-20 03:31:16","2020-06-20 03:31:16","2020-06-20 03:31:16","2020-06-20 03:31:17","2020-06-20 03:31:17","2020-06-20 03:31:17","2020-06-20 03:31:17","2020-06-20 03:31:18","2020-06-20 03:31:18","2020-06-20 03:31:18","2020-06-20 03:31:18","2020-06-20 03:31:19","2020-06-20 03:31:19","2020-06-20 03:31:19","2020-06-20 03:31:19","2020-06-20 03:31:20","2020-06-20 03:31:20","2020-06-20 03:31:20","2020-06-20 03:31:21","2020-06-20 03:31:21","2020-06-20 03:31:21","2020-06-20 03:31:21","2020-06-20 03:31:22","2020-06-20 03:31:22","2020-06-20 03:31:22","2020-06-20 03:31:23","2020-06-20 03:31:23","2020-06-20 03:31:23","2020-06-20 03:31:24","2020-06-20 03:31:24","2020-06-20 03:31:24","2020-06-20 03:31:24","2020-06-20 03:31:25","2020-06-20 03:31:25","2020-06-20 03:31:25","2020-06-20 03:31:26","2020-06-20 03:31:26","2020-06-20 03:31:26","2020-06-20 03:31:27","2020-06-20 03:31:27","2020-06-20 03:31:27","2020-06-20 03:31:28","2020-06-20 03:31:28","2020-06-20 03:31:29","2020-06-20 03:31:29","2020-06-20 03:31:29","2020-06-20 03:31:30","2020-06-20 03:31:30","2020-06-20 03:31:30","2020-06-20 03:31:31","2020-06-20 03:31:31","2020-06-20 03:31:31"],[" 2 min 54.310 sec"," 2 min 54.441 sec"," 2 min 54.562 sec"," 2 min 54.679 sec"," 2 min 54.797 sec"," 2 min 54.925 sec"," 2 min 55.061 sec"," 2 min 55.182 sec"," 2 min 55.326 sec"," 2 min 55.467 sec"," 2 min 55.649 sec"," 2 min 55.857 sec"," 2 min 56.039 sec"," 2 min 56.223 sec"," 2 min 56.376 sec"," 2 min 56.546 sec"," 2 min 56.724 sec"," 2 min 56.910 sec"," 2 min 57.092 sec"," 2 min 57.268 sec"," 2 min 57.441 sec"," 2 min 57.608 sec"," 2 min 57.797 sec"," 2 min 57.984 sec"," 2 min 58.168 sec"," 2 min 58.369 sec"," 2 min 58.554 sec"," 2 min 58.739 sec"," 2 min 58.936 sec"," 2 min 59.151 sec"," 2 min 59.352 sec"," 2 min 59.577 sec"," 2 min 59.774 sec"," 3 min  0.011 sec"," 3 min  0.245 sec"," 3 min  0.449 sec"," 3 min  0.653 sec"," 3 min  0.886 sec"," 3 min  1.112 sec"," 3 min  1.352 sec"," 3 min  1.600 sec"," 3 min  1.833 sec"," 3 min  2.063 sec"," 3 min  2.329 sec"," 3 min  2.565 sec"," 3 min  2.785 sec"," 3 min  3.035 sec"," 3 min  3.258 sec"," 3 min  3.494 sec"," 3 min  3.728 sec"," 3 min  4.049 sec"," 3 min  4.321 sec"," 3 min  4.575 sec"," 3 min  4.818 sec"," 3 min  5.093 sec"," 3 min  5.348 sec"," 3 min  5.611 sec"," 3 min  5.874 sec"," 3 min  6.137 sec"," 3 min  6.404 sec"," 3 min  6.679 sec"," 3 min  6.962 sec"," 3 min  7.230 sec"," 3 min  7.517 sec"," 3 min  7.791 sec"," 3 min  8.064 sec"," 3 min  8.329 sec"," 3 min  8.617 sec"," 3 min  8.898 sec"," 3 min  9.183 sec"," 3 min  9.447 sec"," 3 min  9.742 sec"," 3 min 10.068 sec"," 3 min 10.365 sec"," 3 min 10.656 sec"," 3 min 10.972 sec"," 3 min 11.278 sec"," 3 min 11.564 sec"," 3 min 11.856 sec"," 3 min 12.207 sec"," 3 min 12.508 sec"," 3 min 12.803 sec"," 3 min 13.117 sec"," 3 min 13.463 sec"," 3 min 13.794 sec"," 3 min 14.132 sec"," 3 min 14.449 sec"," 3 min 14.790 sec"," 3 min 15.128 sec"," 3 min 15.463 sec"," 3 min 15.871 sec"," 3 min 16.226 sec"," 3 min 16.561 sec"," 3 min 16.913 sec"," 3 min 17.261 sec"," 3 min 17.594 sec"," 3 min 17.941 sec"," 3 min 18.322 sec"," 3 min 18.677 sec"," 3 min 19.056 sec"," 3 min 19.441 sec"],[0,1,2,3,4,5,6,7,8,9,10,11,12,13,14,15,16,17,18,19,20,21,22,23,24,25,26,27,28,29,30,31,32,33,34,35,36,37,38,39,40,41,42,43,44,45,46,47,48,49,50,51,52,53,54,55,56,57,58,59,60,61,62,63,64,65,66,67,68,69,70,71,72,73,74,75,76,77,78,79,80,81,82,83,84,85,86,87,88,89,90,91,92,93,94,95,96,97,98,99,100],["NaN",0.24055565309160662,0.2360890662648014,0.22130840452865452,0.21050444735213297,0.19833746968285423,0.18836158555434176,0.18182763665022036,0.1754026616544701,0.17163315044558586,0.1677498442972068,0.16364762104963423,0.15936853635122855,0.15749595879657483,0.15504568636740645,0.15308381247466876,0.15086386334963456,0.14909267967826972,0.14760794995795692,0.14606028883506572,0.1442916621918946,0.14238841776522654,0.1410782779851077,0.14092253207693922,0.13955968245443826,0.13890978364840537,0.1382664996021419,0.13699356932680795,0.1357400504174713,0.1354841310400842,0.134658074232876,0.13458195652597663,0.13408109513041677,0.13333139110463244,0.13327295995307026,0.13327448584133855,0.13286380512471796,0.13233886712268,0.1320572952138734,0.1317765046229772,0.13163942707165088,0.13131196953770716,0.13075307658435922,0.13022158760786454,0.12990682442391244,0.1298889868676016,0.12951488474498044,0.12918377992425123,0.1288528903422474,0.12897774513761,0.12865569033627774,0.1284553722776065,0.128378983041825,0.12832797470061882,0.12800009321180525,0.12755084182081947,0.12725866160338928,0.1272209462104042,0.12672446886150843,0.1267931039284987,0.12664177215690725,0.1266159280358797,0.1266341105591287,0.1263606498283215,0.1263555516768368,0.12606284053517045,0.1259052453568696,0.1257887378652399,0.12549661706071344,0.12544808593779455,0.1254905435597141,0.12556230202585278,0.1253551112598544,0.1255144506442883,0.12547921862640704,0.12550087563963624,0.12540039774758535,0.12540510611531006,0.12536101428150176,0.12513965974235944,0.1250841088757916,0.12489482363626904,0.12486283614159562,0.12483273171736738,0.12482854754955044,0.12486909900771571,0.12494704397361416,0.12490947236625767,0.12502089208391873,0.12480517896750107,0.12468654595566689,0.12453942470073286,0.12446182143822455,0.1242355799944542,0.12398798266616408,0.12399492805159958,0.12390701800135566,0.12408455671823644,0.12406040688623601,0.12405602663749041,0.12401622761743611],["NaN",1.738275236995347,1.5544040628175315,1.2787369163712183,1.1057927267027585,0.9138072355934996,0.7788194887655859,0.670483173504505,0.5773168745658055,0.5154725868751704,0.45274870049753313,0.3976134342287824,0.3524826722429531,0.3283885841018464,0.2957584107540775,0.27665547349247194,0.26051806479615613,0.248244978111719,0.23458555200487868,0.22262530448132403,0.2120078258539513,0.20270358998058616,0.1903101571953119,0.1874131367975792,0.17529525126366338,0.16697732734573575,0.16515934633051593,0.1579809399639041,0.1507387901716771,0.1509597782002217,0.14565435677641925,0.14592369897681345,0.1425895582536408,0.13570830472278472,0.13443516800171326,0.1316603253259058,0.12812711266104485,0.1279349688505371,0.12783919725396142,0.1279187418049086,0.12652560344926506,0.12496381287151381,0.12184456239716666,0.12007743648023314,0.1183804079002744,0.11845598235724213,0.11831578010437152,0.11824998611784512,0.11810617964140199,0.11841504329672382,0.11500611744586696,0.11509361646567491,0.11509490096709458,0.11350437968058326,0.11337855685119942,0.11310683028629703,0.11122562894186618,0.10969341198266175,0.10931794942623965,0.10961049166533327,0.10790059778327465,0.10631494512693379,0.10640620733788163,0.106303642912531,0.10639177708372156,0.10455281562350988,0.10443731038786835,0.10436319329971572,0.1041829128888718,0.10421565469770327,0.1043250215763379,0.10450198443984109,0.10444306712373516,0.10457594903109889,0.10306918117022086,0.10311097633447994,0.10164149277606371,0.10009121713796759,0.100119188413377,0.09997151286871063,0.09834764697643719,0.09830285767020279,0.09832885481789407,0.09674170092933573,0.09683571466609092,0.09687039674272352,0.0970214121813744,0.09704019094874845,0.09714699235593009,0.09537776493537387,0.09527328598237395,0.09346335743704495,0.09345256382186562,0.0933234477273127,0.0915500557774084,0.09160379687238171,0.09156217469761717,0.0904606077230724,0.09045313871413733,0.09043066665023432,0.09041511185799489],["NaN",0.0522711390635919,0.049673987645847635,0.04603207665069777,0.0418533292420988,0.038088125466766244,0.03459883015119744,0.033283148725669426,0.0301217575436739,0.028208892617449664,0.02600177166380074,0.023359634551495017,0.021533205652466483,0.021142414060480744,0.01910466257035163,0.01842010216191115,0.017071535406673888,0.016450082508250825,0.016035060582624387,0.015363992575788823,0.01448752320065993,0.013816569572614321,0.013042581709454583,0.012630168058562739,0.012733271471285699,0.012423961233116817,0.01201092839837105,0.011701030927835051,0.01154639175257732,0.011494252873563218,0.011081902994690996,0.010824184320395856,0.010308746971805578,0.010360290706664605,0.010205659502087521,0.010205659502087521,0.01046337817638266,0.010308746971805578,0.01046337817638266,0.010514921911241688,0.010360290706664605,0.010102572032369465,0.009896397092933353,0.00974176588835627,0.00948404721406113,0.009380959744343075,0.00948404721406113,0.009071697335188908,0.009071697335188908,0.009174784804906964,0.009123241070047935,0.008968609865470852,0.008968609865470852,0.008968609865470852,0.008968609865470852,0.008968609865470852,0.008865522395752796,0.008813978660893769,0.008813978660893769,0.008710891191175713,0.008659347456316685,0.008659347456316685,0.008710891191175713,0.008968609865470852,0.00876243492603474,0.008659347456316685,0.008710891191175713,0.0085047162517396,0.0085047162517396,0.008607803721457656,0.008659347456316685,0.008659347456316685,0.008607803721457656,0.008659347456316685,0.008659347456316685,0.008659347456316685,0.008659347456316685,0.008659347456316685,0.008710891191175713,0.008607803721457656,0.00855625998659863,0.008659347456316685,0.008607803721457656,0.008659347456316685,0.008659347456316685,0.00855625998659863,0.00855625998659863,0.0085047162517396,0.00855625998659863,0.00855625998659863,0.008659347456316685,0.008659347456316685,0.008607803721457656,0.008453172516880573,0.0085047162517396,0.0085047162517396,0.008453172516880573,0.008453172516880573,0.008659347456316685,0.0085047162517396,0.00855625998659863],["NaN",0.48626806906233133,0.42119980532408907,0.3920848485120182,0.3826446526568996,0.3778406968605457,0.37100945978701627,0.368168585810781,0.36667002090456774,0.3665831581791233,0.36351777685132647,0.3624965406000671,0.36215328380345096,0.3627255282047361,0.3625833261433785,0.362182699054995,0.3622801703113142,0.361433750516556,0.36131770897730336,0.36086827799898497,0.36015327962503435,0.35926169904200966,0.35901437565513566,0.3590281087841426,0.35865451352816147,0.3580011743878364,0.35803006950799865,0.35813888316912146,0.35766189993817377,0.3576487527279111,0.3576195834650945,0.357865441096158,0.35793400972150263,0.35835225438354135,0.35851411865251914,0.35846089183138635,0.35827600596620157,0.3581075102543347,0.35761237853251465,0.35802307828621005,0.3582551031118516,0.3585335006899006,0.3583527832679958,0.358250128177878,0.358059615777975,0.358235949687573,0.35848743744468753,0.3582520016416915,0.35848601086890125,0.3589265008225562,0.3587391504067622,0.35862563556723487,0.3585270232766413,0.35857002436172464,0.35857036081567245,0.35822886479599786,0.35802434532996186,0.35826598721175384,0.35793681735191135,0.3580459664970196,0.3581818609895501,0.35821509031863874,0.3582877120354912,0.35839808768967213,0.3583723657964613,0.3584113416264239,0.35827290485864194,0.3581502238850698,0.35809328672021423,0.35794725815154854,0.35792889043759574,0.35797842473132846,0.35823472595245986,0.35842650664693576,0.35864203427075364,0.3585147109006893,0.3584608634113837,0.35841638948403026,0.35835450037796607,0.3583684653906042,0.3584507918475075,0.358377482026377,0.3584151130426451,0.35837799817852645,0.3586617039087178,0.3585719666537813,0.35859624824553515,0.35853217736441667,0.35823592207099336,0.3579886948476002,0.3579440776131326,0.3578876235716907,0.35776191492210474,0.35750217408873125,0.35724454427356844,0.3574120064761491,0.35727893122041327,0.35754746358417144,0.3577277242302814,0.3576380796982463,0.35771378353668365],["NaN",7.19281565932752,4.3184018488273805,2.855832742027733,2.2316609891587484,1.8112924187750163,1.4963785030630192,1.3631877930435334,1.2758078611638453,1.1793087002599756,1.0987048950161584,1.0324758043892963,1.0006545641505276,0.9922729612223774,0.9275691899858575,0.8851402057091982,0.8536811634617707,0.8311738009346202,0.7998958472638867,0.7887355807522902,0.7770560965062383,0.7537571599575343,0.7324939019529791,0.710968587308808,0.6995689241921715,0.6778225975104003,0.6554827741931843,0.6557444794592597,0.6441206842259315,0.6436468042488466,0.6437760765032592,0.6338612397491525,0.6341287369895988,0.6133716487695027,0.6128981718421441,0.6129671909382596,0.6126352776275228,0.6121857319920226,0.6111533665593665,0.6123329150150977,0.6130039130763573,0.603543742889096,0.5939320231815607,0.5936782518464594,0.5934641107702824,0.5939633300617699,0.5942733051839544,0.5833247117113274,0.5727750280472117,0.565223682446168,0.5548557630000738,0.5550652698964349,0.5548902614610974,0.5551034115741685,0.5547987655857044,0.5538564039279686,0.5431770203675396,0.5433015685085634,0.5426164158697948,0.5427780036109743,0.542875970268466,0.543136928253705,0.5340212920192541,0.5344041322627604,0.534407862017174,0.5251785665802677,0.5248224647844091,0.5240846463037228,0.524002006078413,0.5238204627766742,0.5239095275930447,0.5240688670543411,0.5143947944117447,0.5149472269327942,0.5153812265878657,0.5150729535872596,0.5150771080249249,0.5152192231195055,0.5141610867872827,0.503678403099605,0.5037333089725369,0.5036182670390457,0.5038305498051987,0.5039775498643192,0.5047067139431111,0.5033843637647616,0.5035493310990657,0.5034075966391031,0.5019501906239476,0.5015699290319114,0.5014139040148741,0.5013406296323868,0.5010126981206086,0.4904185201702592,0.48992390356684684,0.490047391604086,0.4899801866834832,0.4905002225766178,0.4906823340948148,0.49055765557321257,0.4908027638764123],["NaN",0.23452991452991453,0.19555555555555557,0.17982905982905983,0.17777777777777778,0.17777777777777778,0.17025641025641025,0.16615384615384615,0.16273504273504275,0.1582905982905983,0.15487179487179487,0.1552136752136752,0.15384615384615385,0.1535042735042735,0.15247863247863247,0.15247863247863247,0.15452991452991452,0.15247863247863247,0.15213675213675212,0.14974358974358976,0.14837606837606837,0.1452991452991453,0.14564102564102563,0.14735042735042736,0.1476923076923077,0.14461538461538462,0.14837606837606837,0.14666666666666667,0.14495726495726496,0.14632478632478632,0.14803418803418802,0.14735042735042736,0.147008547008547,0.1476923076923077,0.1476923076923077,0.14837606837606837,0.1476923076923077,0.1476923076923077,0.14564102564102563,0.14632478632478632,0.14495726495726496,0.14837606837606837,0.14735042735042736,0.147008547008547,0.14632478632478632,0.1476923076923077,0.14598290598290597,0.14632478632478632,0.14837606837606837,0.1476923076923077,0.14632478632478632,0.14735042735042736,0.147008547008547,0.14495726495726496,0.1452991452991453,0.1452991452991453,0.14564102564102563,0.14632478632478632,0.14632478632478632,0.14495726495726496,0.14461538461538462,0.14495726495726496,0.14598290598290597,0.14495726495726496,0.14598290598290597,0.14495726495726496,0.14564102564102563,0.14632478632478632,0.147008547008547,0.14598290598290597,0.14632478632478632,0.14666666666666667,0.14666666666666667,0.14666666666666667,0.1494017094017094,0.1476923076923077,0.14735042735042736,0.14735042735042736,0.1476923076923077,0.14803418803418802,0.1476923076923077,0.1476923076923077,0.14803418803418802,0.1476923076923077,0.14803418803418802,0.14735042735042736,0.14837606837606837,0.14735042735042736,0.14666666666666667,0.14666666666666667,0.14666666666666667,0.147008547008547,0.14735042735042736,0.1452991452991453,0.14598290598290597,0.14564102564102563,0.14598290598290597,0.14666666666666667,0.147008547008547,0.14735042735042736,0.14735042735042736]]},"training_metrics":{"__meta":{"schema_version":3,"schema_name":"ModelMetricsMultinomialV3","schema_type":"ModelMetricsMultinomial"},"model":{"__meta":{"schema_version":3,"schema_name":"ModelKeyV3","schema_type":"Key<Model>"},"name":"drf-100-50-10fold-battle_results","type":"Key<Model>","URL":"/3/Models/drf-100-50-10fold-battle_results"},"model_checksum":-2544557320548557540,"frame":{"__meta":{"schema_version":3,"schema_name":"FrameKeyV3","schema_type":"Key<Frame>"},"name":"train.hex","type":"Key<Frame>","URL":"/3/Frames/train.hex"},"frame_checksum":-7489936643349308214,"description":"Metrics reported on Out-Of-Bag training samples","model_category":"Multinomial","scoring_time":1592620291892,"predictions":null,"MSE":0.015380024712459724,"RMSE":0.12401622761743611,"nobs":19401,"custom_metric_name":null,"custom_metric_value":0.0,"r2":0.992302625154898,"hit_ratio_table":{"__meta":{"schema_version":3,"schema_name":"TwoDimTableV3","schema_type":"TwoDimTable"},"name":"Top-5 Hit Ratios","description":"","columns":[{"__meta":{"schema_version":-1,"schema_name":"ColumnSpecsBase","schema_type":"Iced"},"name":"k","type":"string","format":"%s","description":"K"},{"__meta":{"schema_version":-1,"schema_name":"ColumnSpecsBase","schema_type":"Iced"},"name":"hit_ratio","type":"float","format":"%f","description":"Hit Ratio"}],"rowcount":5,"data":[["1","2","3","4","5"],[0.99144375,0.9978867,0.9993299,0.9996392,1.0]]},"cm":{"__meta":{"schema_version":3,"schema_name":"ConfusionMatrixV3","schema_type":"ConfusionMatrix"},"table":{"__meta":{"schema_version":3,"schema_name":"TwoDimTableV3","schema_type":"TwoDimTable"},"name":"Confusion Matrix","description":"Row labels: Actual class; Column labels: Predicted class","columns":[{"__meta":{"schema_version":-1,"schema_name":"ColumnSpecsBase","schema_type":"Iced"},"name":"sample.Corners","type":"long","format":"%d","description":"sample.Corners"},{"__meta":{"schema_version":-1,"schema_name":"ColumnSpecsBase","schema_type":"Iced"},"name":"sample.Crazy","type":"long","format":"%d","description":"sample.Crazy"},{"__meta":{"schema_version":-1,"schema_name":"ColumnSpecsBase","schema_type":"Iced"},"name":"sample.Fire","type":"long","format":"%d","description":"sample.Fire"},{"__meta":{"schema_version":-1,"schema_name":"ColumnSpecsBase","schema_type":"Iced"},"name":"sample.SittingDuck","type":"long","format":"%d","description":"sample.SittingDuck"},{"__meta":{"schema_version":-1,"schema_name":"ColumnSpecsBase","schema_type":"Iced"},"name":"sample.Walls","type":"long","format":"%d","description":"sample.Walls"},{"__meta":{"schema_version":-1,"schema_name":"ColumnSpecsBase","schema_type":"Iced"},"name":"Error","type":"double","format":"%.4f","description":"Error"},{"__meta":{"schema_version":-1,"schema_name":"ColumnSpecsBase","schema_type":"Iced"},"name":"Rate","type":"string","format":"= %12s","description":"Rate"}],"rowcount":6,"data":[[3877,0,0,0,30,3907],[0,3868,2,0,56,3926],[0,12,3873,0,37,3922],[0,0,0,3869,0,3869],[0,24,5,0,3748,3777],[0.0,0.009221311475409836,0.0018041237113402063,0.0,0.03177473521053991,0.00855625998659863],["0 / 3.877","36 / 3.904","7 / 3.880","0 / 3.869","123 / 3.871","166 / 19.401"]]}},"logloss":0.09041511185799489,"mean_per_class_error":0.00856003407945799},"validation_metrics":{"__meta":{"schema_version":3,"schema_name":"ModelMetricsMultinomialV3","schema_type":"ModelMetricsMultinomial"},"model":{"__meta":{"schema_version":3,"schema_name":"ModelKeyV3","schema_type":"Key<Model>"},"name":"drf-100-50-10fold-battle_results","type":"Key<Model>","URL":"/3/Models/drf-100-50-10fold-battle_results"},"model_checksum":-2544557320548557540,"frame":{"__meta":{"schema_version":3,"schema_name":"FrameKeyV3","schema_type":"Key<Frame>"},"name":"test.hex","type":"Key<Frame>","URL":"/3/Frames/test.hex"},"frame_checksum":1397587033816451812,"description":null,"model_category":"Multinomial","scoring_time":1592620292126,"predictions":null,"MSE":0.12795915093212937,"RMSE":0.35771378353668365,"nobs":2925,"custom_metric_name":null,"custom_metric_value":0.0,"r2":0.9419650916723018,"hit_ratio_table":{"__meta":{"schema_version":3,"schema_name":"TwoDimTableV3","schema_type":"TwoDimTable"},"name":"Top-5 Hit Ratios","description":"","columns":[{"__meta":{"schema_version":-1,"schema_name":"ColumnSpecsBase","schema_type":"Iced"},"name":"k","type":"string","format":"%s","description":"K"},{"__meta":{"schema_version":-1,"schema_name":"ColumnSpecsBase","schema_type":"Iced"},"name":"hit_ratio","type":"float","format":"%f","description":"Hit Ratio"}],"rowcount":5,"data":[["1","2","3","4","5"],[0.85264957,0.95418805,0.9842735,0.9938461,0.99999994]]},"cm":{"__meta":{"schema_version":3,"schema_name":"ConfusionMatrixV3","schema_type":"ConfusionMatrix"},"table":{"__meta":{"schema_version":3,"schema_name":"TwoDimTableV3","schema_type":"TwoDimTable"},"name":"Confusion Matrix","description":"Row labels: Actual class; Column labels: Predicted class","columns":[{"__meta":{"schema_version":-1,"schema_name":"ColumnSpecsBase","schema_type":"Iced"},"name":"sample.Corners","type":"long","format":"%d","description":"sample.Corners"},{"__meta":{"schema_version":-1,"schema_name":"ColumnSpecsBase","schema_type":"Iced"},"name":"sample.Crazy","type":"long","format":"%d","description":"sample.Crazy"},{"__meta":{"schema_version":-1,"schema_name":"ColumnSpecsBase","schema_type":"Iced"},"name":"sample.Fire","type":"long","format":"%d","description":"sample.Fire"},{"__meta":{"schema_version":-1,"schema_name":"ColumnSpecsBase","schema_type":"Iced"},"name":"sample.SittingDuck","type":"long","format":"%d","description":"sample.SittingDuck"},{"__meta":{"schema_version":-1,"schema_name":"ColumnSpecsBase","schema_type":"Iced"},"name":"sample.Walls","type":"long","format":"%d","description":"sample.Walls"},{"__meta":{"schema_version":-1,"schema_name":"ColumnSpecsBase","schema_type":"Iced"},"name":"Error","type":"double","format":"%.4f","description":"Error"},{"__meta":{"schema_version":-1,"schema_name":"ColumnSpecsBase","schema_type":"Iced"},"name":"Rate","type":"string","format":"= %11s","description":"Rate"}],"rowcount":6,"data":[[193,0,5,1,7,206],[9,617,35,2,25,688],[30,20,382,115,15,562],[1,0,6,74,0,81],[61,65,31,3,1228,1388],[0.3435374149659864,0.12108262108262108,0.16775599128540306,0.6205128205128205,0.03686274509803922,0.14735042735042736],["101 / 294","85 / 702","77 / 459","121 / 195","47 / 1.275","431 / 2.925"]]}},"logloss":0.4908027638764123,"mean_per_class_error":0.25795031858897405},"cross_validation_metrics":{"__meta":{"schema_version":3,"schema_name":"ModelMetricsMultinomialV3","schema_type":"ModelMetricsMultinomial"},"model":{"__meta":{"schema_version":3,"schema_name":"ModelKeyV3","schema_type":"Key<Model>"},"name":"drf-100-50-10fold-battle_results","type":"Key<Model>","URL":"/3/Models/drf-100-50-10fold-battle_results"},"model_checksum":-2544557320548557540,"frame":{"__meta":{"schema_version":3,"schema_name":"FrameKeyV3","schema_type":"Key<Frame>"},"name":"train.hex","type":"Key<Frame>","URL":"/3/Frames/train.hex"},"frame_checksum":-7489936643349308214,"description":"10-fold cross-validation on training data (Metrics computed for combined holdout predictions)","model_category":"Multinomial","scoring_time":1592620292172,"predictions":null,"MSE":0.12536616562310504,"RMSE":0.3540708483102005,"nobs":8860,"custom_metric_name":null,"custom_metric_value":0.0,"r2":0.9416180936720777,"hit_ratio_table":{"__meta":{"schema_version":3,"schema_name":"TwoDimTableV3","schema_type":"TwoDimTable"},"name":"Top-5 Hit Ratios","description":"","columns":[{"__meta":{"schema_version":-1,"schema_name":"ColumnSpecsBase","schema_type":"Iced"},"name":"k","type":"string","format":"%s","description":"K"},{"__meta":{"schema_version":-1,"schema_name":"ColumnSpecsBase","schema_type":"Iced"},"name":"hit_ratio","type":"float","format":"%f","description":"Hit Ratio"}],"rowcount":5,"data":[["1","2","3","4","5"],[0.8538375,0.9562077,0.986456,0.99480814,1.0]]},"cm":{"__meta":{"schema_version":3,"schema_name":"ConfusionMatrixV3","schema_type":"ConfusionMatrix"},"table":{"__meta":{"schema_version":3,"schema_name":"TwoDimTableV3","schema_type":"TwoDimTable"},"name":"Confusion Matrix","description":"Row labels: Actual class; Column labels: Predicted class","columns":[{"__meta":{"schema_version":-1,"schema_name":"ColumnSpecsBase","schema_type":"Iced"},"name":"sample.Corners","type":"long","format":"%d","description":"sample.Corners"},{"__meta":{"schema_version":-1,"schema_name":"ColumnSpecsBase","schema_type":"Iced"},"name":"sample.Crazy","type":"long","format":"%d","description":"sample.Crazy"},{"__meta":{"schema_version":-1,"schema_name":"ColumnSpecsBase","schema_type":"Iced"},"name":"sample.Fire","type":"long","format":"%d","description":"sample.Fire"},{"__meta":{"schema_version":-1,"schema_name":"ColumnSpecsBase","schema_type":"Iced"},"name":"sample.SittingDuck","type":"long","format":"%d","description":"sample.SittingDuck"},{"__meta":{"schema_version":-1,"schema_name":"ColumnSpecsBase","schema_type":"Iced"},"name":"sample.Walls","type":"long","format":"%d","description":"sample.Walls"},{"__meta":{"schema_version":-1,"schema_name":"ColumnSpecsBase","schema_type":"Iced"},"name":"Error","type":"double","format":"%.4f","description":"Error"},{"__meta":{"schema_version":-1,"schema_name":"ColumnSpecsBase","schema_type":"Iced"},"name":"Rate","type":"string","format":"= %13s","description":"Rate"}],"rowcount":6,"data":[[559,7,12,2,29,609],[20,1793,97,25,61,1996],[60,82,1225,340,34,1741],[2,2,22,241,0,267],[182,184,119,15,3747,4247],[0.32077764277035237,0.13297872340425532,0.1694915254237288,0.6131621187800963,0.032033066391113404,0.14616252821670428],["264 / 823","275 / 2.068","250 / 1.475","382 / 623","124 / 3.871","1.295 / 8.860"]]}},"logloss":0.43286749491094695,"mean_per_class_error":0.25368861535390924},"cross_validation_metrics_summary":{"__meta":{"schema_version":3,"schema_name":"TwoDimTableV3","schema_type":"TwoDimTable"},"name":"Cross-Validation Metrics Summary","description":"","columns":[{"__meta":{"schema_version":-1,"schema_name":"ColumnSpecsBase","schema_type":"Iced"},"name":"","type":"string","format":"%s","description":""},{"__meta":{"schema_version":-1,"schema_name":"ColumnSpecsBase","schema_type":"Iced"},"name":"mean","type":"string","format":"%s","description":"mean"},{"__meta":{"schema_version":-1,"schema_name":"ColumnSpecsBase","schema_type":"Iced"},"name":"sd","type":"string","format":"%s","description":"sd"},{"__meta":{"schema_version":-1,"schema_name":"ColumnSpecsBase","schema_type":"Iced"},"name":"cv_1_valid","type":"string","format":"%s","description":"cv_1_valid"},{"__meta":{"schema_version":-1,"schema_name":"ColumnSpecsBase","schema_type":"Iced"},"name":"cv_2_valid","type":"string","format":"%s","description":"cv_2_valid"},{"__meta":{"schema_version":-1,"schema_name":"ColumnSpecsBase","schema_type":"Iced"},"name":"cv_3_valid","type":"string","format":"%s","description":"cv_3_valid"},{"__meta":{"schema_version":-1,"schema_name":"ColumnSpecsBase","schema_type":"Iced"},"name":"cv_4_valid","type":"string","format":"%s","description":"cv_4_valid"},{"__meta":{"schema_version":-1,"schema_name":"ColumnSpecsBase","schema_type":"Iced"},"name":"cv_5_valid","type":"string","format":"%s","description":"cv_5_valid"},{"__meta":{"schema_version":-1,"schema_name":"ColumnSpecsBase","schema_type":"Iced"},"name":"cv_6_valid","type":"string","format":"%s","description":"cv_6_valid"},{"__meta":{"schema_version":-1,"schema_name":"ColumnSpecsBase","schema_type":"Iced"},"name":"cv_7_valid","type":"string","format":"%s","description":"cv_7_valid"},{"__meta":{"schema_version":-1,"schema_name":"ColumnSpecsBase","schema_type":"Iced"},"name":"cv_8_valid","type":"string","format":"%s","description":"cv_8_valid"},{"__meta":{"schema_version":-1,"schema_name":"ColumnSpecsBase","schema_type":"Iced"},"name":"cv_9_valid","type":"string","format":"%s","description":"cv_9_valid"},{"__meta":{"schema_version":-1,"schema_name":"ColumnSpecsBase","schema_type":"Iced"},"name":"cv_10_valid","type":"string","format":"%s","description":"cv_10_valid"}],"rowcount":10,"data":[["accuracy","err","err_count","logloss","max_per_class_error","mean_per_class_accuracy","mean_per_class_error","mse","r2","rmse"],["0.85386395","0.14613603","129.5","0.43282285","0.614213","0.745993","0.254007","0.12532714","0.94158465","0.35386062"],["0.010914403","0.010914403","11.027742","0.044655636","0.036339104","0.015316358","0.015316358","0.007837306","0.003986929","0.011045298"],["0.85868394","0.14131607","131.0","0.46586436","0.6666667","0.7346286","0.26537138","0.12629569","0.93935347","0.35538104"],["0.8532864","0.14671361","125.0","0.41001573","0.6","0.74543756","0.25456244","0.12787355","0.9404512","0.3575941"],["0.86368716","0.13631284","122.0","0.361492","0.60273975","0.7643868","0.23561321","0.11638391","0.9462333","0.34115085"],["0.8269441","0.17305586","158.0","0.47248942","0.63013697","0.7198684","0.28013158","0.14160536","0.9332603","0.37630486"],["0.8646189","0.13538112","119.0","0.35754997","0.5625","0.7647234","0.23527656","0.1116963","0.9479157","0.33420998"],["0.85481995","0.14518002","125.0","0.48547995","0.58181816","0.7393512","0.26064876","0.1263195","0.9400767","0.35541454"],["0.86237514","0.13762486","124.0","0.42637092","0.58208954","0.7620456","0.23795436","0.123506665","0.9430217","0.35143515"],["0.84933037","0.15066965","135.0","0.4460024","0.6119403","0.750203","0.249797","0.12842652","0.9415267","0.35836646"],["0.8498212","0.15017879","126.0","0.46419564","0.67346936","0.729395","0.270605","0.12612574","0.94275117","0.35514188"],["0.85507244","0.14492753","130.0","0.43876812","0.63076925","0.7498902","0.25010976","0.12503822","0.9412561","0.35360745"]]},"status":null,"start_time":1592620266749,"end_time":1592620292170,"run_time":25421,"default_threshold":0.5,"help":{"validation_metrics":"Validation data model metrics", "cross_validation_metrics_summary":"Cross-validation model metrics summary", "start_time":"Start time in milliseconds", "run_time":"Runtime in milliseconds", "status":"Job status", "domains":"Domains for categorical columns", "model_category":"Category of the model (e.g., Binomial)", "default_threshold":"Default threshold used for predictions", "__meta":"Metadata on this schema instance, to make it self-describing.", "variable_importances":"Variable Importances", "model_summary":"Model summary", "scoring_history":"Scoring history", "help":"Help information for output fields", "end_time":"End time in milliseconds", "names":"Column names", "column_types":"Column types", "original_names":"Original column names", "cross_validation_fold_assignment_frame_id":"Cross-validation fold assignment (each row is assigned to one holdout fold)", "training_metrics":"Training data model metrics", "cross_validation_models":"Cross-validation models (model ids)", "cross_validation_metrics":"Cross-validation model metrics", "cross_validation_predictions":"Cross-validation predictions, one per cv model (deprecated, use cross_validation_holdout_predictions_frame_id instead)", "init_f":"The Intercept term, the initial model function value to which trees make adjustments", "cross_validation_holdout_predictions_frame_id":"Cross-validation holdout predictions (full out-of-sample predictions on training data)"},"variable_importances":{"__meta":{"schema_version":3,"schema_name":"TwoDimTableV3","schema_type":"TwoDimTable"},"name":"Variable Importances","description":"","columns":[{"__meta":{"schema_version":-1,"schema_name":"ColumnSpecsBase","schema_type":"Iced"},"name":"variable","type":"string","format":"%s","description":"Variable"},{"__meta":{"schema_version":-1,"schema_name":"ColumnSpecsBase","schema_type":"Iced"},"name":"relative_importance","type":"double","format":"%5f","description":"Relative Importance"},{"__meta":{"schema_version":-1,"schema_name":"ColumnSpecsBase","schema_type":"Iced"},"name":"scaled_importance","type":"double","format":"%5f","description":"Scaled Importance"},{"__meta":{"schema_version":-1,"schema_name":"ColumnSpecsBase","schema_type":"Iced"},"name":"percentage","type":"double","format":"%5f","description":"Percentage"}],"rowcount":7,"data":[["Target Heading","Target Velocity","Target Pos Y","Target Pos X","Distance","Hit","Power"],[264369.875,211421.78125,195327.234375,181002.65625,98979.8515625,60676.9453125,10321.5380859375],[1.0,0.7997196399551953,0.7388407411207498,0.6846568893297695,0.3743991313779605,0.229515353489122,0.03904203565530112],[0.2586536596845389,0.20685041159601308,0.19110386161491894,0.1770890100533772,0.09683970551362196,0.05936498613375201,0.01009836540377789]]},"init_f":0.0},"compatible_frames":null}
