{"__meta":{"schema_version":3,"schema_name":"DRFModelV3","schema_type":"DRFModel"},"model_id":{"__meta":{"schema_version":3,"schema_name":"ModelKeyV3","schema_type":"Key<Model>"},"name":"drf-50-20-10fold","type":"Key<Model>","URL":"/3/Models/drf-50-20-10fold"},"algo":"drf","algo_full_name":"Distributed Random Forest","response_column_name":"Target Name","data_frame":{"__meta":{"schema_version":3,"schema_name":"FrameKeyV3","schema_type":"Key<Frame>"},"name":"train.hex","type":"Key<Frame>","URL":"/3/Frames/train.hex"},"timestamp":1592619459307,"have_pojo":true,"have_mojo":true,"algo":"drf","algo_full_name":"Distributed Random Forest","model_id":{"__meta":{"schema_version":3,"schema_name":"ModelKeyV3","schema_type":"Key<Model>"},"name":"drf-50-20-10fold","type":"Key<Model>","URL":"/3/Models/drf-50-20-10fold"},"parameters":[{"__meta":{"schema_version":3,"schema_name":"ModelParameterSchemaV3","schema_type":"Iced"},"name":"model_id","label":"model_id","help":"Destination id for this model; auto-generated if not specified.","required":false,"type":"Key<Model>","default_value":null,"actual_value":{"__meta":{"schema_version":3,"schema_name":"ModelKeyV3","schema_type":"Key<Model>"},"name":"drf-50-20-10fold","type":"Key<Model>","URL":"/3/Models/drf-50-20-10fold"},"level":"critical","values":[],"is_member_of_frames":[],"is_mutually_exclusive_with":[],"gridable":false},{"__meta":{"schema_version":3,"schema_name":"ModelParameterSchemaV3","schema_type":"Iced"},"name":"training_frame","label":"training_frame","help":"Id of the training data frame.","required":false,"type":"Key<Frame>","default_value":null,"actual_value":{"__meta":{"schema_version":3,"schema_name":"FrameKeyV3","schema_type":"Key<Frame>"},"name":"train.hex","type":"Key<Frame>","URL":"/3/Frames/train.hex"},"level":"critical","values":[],"is_member_of_frames":[],"is_mutually_exclusive_with":[],"gridable":false},{"__meta":{"schema_version":3,"schema_name":"ModelParameterSchemaV3","schema_type":"Iced"},"name":"validation_frame","label":"validation_frame","help":"Id of the validation data frame.","required":false,"type":"Key<Frame>","default_value":null,"actual_value":{"__meta":{"schema_version":3,"schema_name":"FrameKeyV3","schema_type":"Key<Frame>"},"name":"test.hex","type":"Key<Frame>","URL":"/3/Frames/test.hex"},"level":"critical","values":[],"is_member_of_frames":[],"is_mutually_exclusive_with":[],"gridable":true},{"__meta":{"schema_version":3,"schema_name":"ModelParameterSchemaV3","schema_type":"Iced"},"name":"nfolds","label":"nfolds","help":"Number of folds for K-fold cross-validation (0 to disable or >= 2).","required":false,"type":"int","default_value":0,"actual_value":10,"level":"critical","values":[],"is_member_of_frames":[],"is_mutually_exclusive_with":[],"gridable":false},{"__meta":{"schema_version":3,"schema_name":"ModelParameterSchemaV3","schema_type":"Iced"},"name":"keep_cross_validation_models","label":"keep_cross_validation_models","help":"Whether to keep the cross-validation models.","required":false,"type":"boolean","default_value":true,"actual_value":true,"level":"expert","values":[],"is_member_of_frames":[],"is_mutually_exclusive_with":[],"gridable":false},{"__meta":{"schema_version":3,"schema_name":"ModelParameterSchemaV3","schema_type":"Iced"},"name":"keep_cross_validation_predictions","label":"keep_cross_validation_predictions","help":"Whether to keep the predictions of the cross-validation models.","required":false,"type":"boolean","default_value":false,"actual_value":false,"level":"expert","values":[],"is_member_of_frames":[],"is_mutually_exclusive_with":[],"gridable":false},{"__meta":{"schema_version":3,"schema_name":"ModelParameterSchemaV3","schema_type":"Iced"},"name":"keep_cross_validation_fold_assignment","label":"keep_cross_validation_fold_assignment","help":"Whether to keep the cross-validation fold assignment.","required":false,"type":"boolean","default_value":false,"actual_value":false,"level":"expert","values":[],"is_member_of_frames":[],"is_mutually_exclusive_with":[],"gridable":false},{"__meta":{"schema_version":3,"schema_name":"ModelParameterSchemaV3","schema_type":"Iced"},"name":"score_each_iteration","label":"score_each_iteration","help":"Whether to score during each iteration of model training.","required":false,"type":"boolean","default_value":false,"actual_value":true,"level":"secondary","values":[],"is_member_of_frames":[],"is_mutually_exclusive_with":[],"gridable":false},{"__meta":{"schema_version":3,"schema_name":"ModelParameterSchemaV3","schema_type":"Iced"},"name":"score_tree_interval","label":"score_tree_interval","help":"Score the model after every so many trees. Disabled if set to 0.","required":false,"type":"int","default_value":0,"actual_value":0,"level":"secondary","values":[],"is_member_of_frames":[],"is_mutually_exclusive_with":[],"gridable":false},{"__meta":{"schema_version":3,"schema_name":"ModelParameterSchemaV3","schema_type":"Iced"},"name":"fold_assignment","label":"fold_assignment","help":"Cross-validation fold assignment scheme, if fold_column is not specified. The 'Stratified' option will stratify the folds based on the response variable, for classification problems.","required":false,"type":"enum","default_value":"AUTO","actual_value":"AUTO","level":"secondary","values":["AUTO","Random","Modulo","Stratified"],"is_member_of_frames":[],"is_mutually_exclusive_with":[],"gridable":true},{"__meta":{"schema_version":3,"schema_name":"ModelParameterSchemaV3","schema_type":"Iced"},"name":"fold_column","label":"fold_column","help":"Column with cross-validation fold index assignment per observation.","required":false,"type":"VecSpecifier","default_value":null,"actual_value":null,"level":"secondary","values":[],"is_member_of_frames":["training_frame"],"is_mutually_exclusive_with":["response_column","weights_column","ignored_columns","offset_column"],"gridable":true},{"__meta":{"schema_version":3,"schema_name":"ModelParameterSchemaV3","schema_type":"Iced"},"name":"response_column","label":"response_column","help":"Response variable column.","required":false,"type":"VecSpecifier","default_value":null,"actual_value":{"__meta":{"schema_version":3,"schema_name":"ColSpecifierV3","schema_type":"VecSpecifier"},"column_name":"Target Name","is_member_of_frames":null},"level":"critical","values":[],"is_member_of_frames":["training_frame","validation_frame"],"is_mutually_exclusive_with":["weights_column","ignored_columns","offset_column","fold_column"],"gridable":true},{"__meta":{"schema_version":3,"schema_name":"ModelParameterSchemaV3","schema_type":"Iced"},"name":"ignored_columns","label":"ignored_columns","help":"Names of columns to ignore for training.","required":false,"type":"string[]","default_value":null,"actual_value":null,"level":"critical","values":[],"is_member_of_frames":["training_frame","validation_frame"],"is_mutually_exclusive_with":["response_column","weights_column","offset_column","fold_column"],"gridable":false},{"__meta":{"schema_version":3,"schema_name":"ModelParameterSchemaV3","schema_type":"Iced"},"name":"ignore_const_cols","label":"ignore_const_cols","help":"Ignore constant columns.","required":false,"type":"boolean","default_value":true,"actual_value":true,"level":"critical","values":[],"is_member_of_frames":[],"is_mutually_exclusive_with":[],"gridable":false},{"__meta":{"schema_version":3,"schema_name":"ModelParameterSchemaV3","schema_type":"Iced"},"name":"offset_column","label":"offset_column","help":"Offset column. This will be added to the combination of columns before applying the link function.","required":false,"type":"VecSpecifier","default_value":null,"actual_value":null,"level":"secondary","values":[],"is_member_of_frames":["training_frame","validation_frame"],"is_mutually_exclusive_with":["response_column","weights_column","ignored_columns","fold_column"],"gridable":true},{"__meta":{"schema_version":3,"schema_name":"ModelParameterSchemaV3","schema_type":"Iced"},"name":"weights_column","label":"weights_column","help":"Column with observation weights. Giving some observation a weight of zero is equivalent to excluding it from the dataset; giving an observation a relative weight of 2 is equivalent to repeating that row twice. Negative weights are not allowed. Note: Weights are per-row observation weights and do not increase the size of the data frame. This is typically the number of times a row is repeated, but non-integer values are supported as well. During training, rows with higher weights matter more, due to the larger loss function pre-factor.","required":false,"type":"VecSpecifier","default_value":null,"actual_value":null,"level":"secondary","values":[],"is_member_of_frames":["training_frame","validation_frame"],"is_mutually_exclusive_with":["response_column","ignored_columns","offset_column","fold_column"],"gridable":true},{"__meta":{"schema_version":3,"schema_name":"ModelParameterSchemaV3","schema_type":"Iced"},"name":"balance_classes","label":"balance_classes","help":"Balance training data class counts via over/under-sampling (for imbalanced data).","required":false,"type":"boolean","default_value":false,"actual_value":true,"level":"secondary","values":[],"is_member_of_frames":[],"is_mutually_exclusive_with":[],"gridable":true},{"__meta":{"schema_version":3,"schema_name":"ModelParameterSchemaV3","schema_type":"Iced"},"name":"class_sampling_factors","label":"class_sampling_factors","help":"Desired over/under-sampling ratios per class (in lexicographic order). If not specified, sampling factors will be automatically computed to obtain class balance during training. Requires balance_classes.","required":false,"type":"float[]","default_value":null,"actual_value":null,"level":"expert","values":[],"is_member_of_frames":[],"is_mutually_exclusive_with":[],"gridable":true},{"__meta":{"schema_version":3,"schema_name":"ModelParameterSchemaV3","schema_type":"Iced"},"name":"max_after_balance_size","label":"max_after_balance_size","help":"Maximum relative size of the training data after balancing class counts (can be less than 1.0). Requires balance_classes.","required":false,"type":"float","default_value":5.0,"actual_value":5.0,"level":"expert","values":[],"is_member_of_frames":[],"is_mutually_exclusive_with":[],"gridable":true},{"__meta":{"schema_version":3,"schema_name":"ModelParameterSchemaV3","schema_type":"Iced"},"name":"max_confusion_matrix_size","label":"max_confusion_matrix_size","help":"[Deprecated] Maximum size (# classes) for confusion matrices to be printed in the Logs","required":false,"type":"int","default_value":20,"actual_value":20,"level":"secondary","values":[],"is_member_of_frames":[],"is_mutually_exclusive_with":[],"gridable":false},{"__meta":{"schema_version":3,"schema_name":"ModelParameterSchemaV3","schema_type":"Iced"},"name":"max_hit_ratio_k","label":"max_hit_ratio_k","help":"Max. number (top K) of predictions to use for hit ratio computation (for multi-class only, 0 to disable)","required":false,"type":"int","default_value":0,"actual_value":0,"level":"secondary","values":[],"is_member_of_frames":[],"is_mutually_exclusive_with":[],"gridable":false},{"__meta":{"schema_version":3,"schema_name":"ModelParameterSchemaV3","schema_type":"Iced"},"name":"ntrees","label":"ntrees","help":"Number of trees.","required":false,"type":"int","default_value":50,"actual_value":50,"level":"critical","values":[],"is_member_of_frames":[],"is_mutually_exclusive_with":[],"gridable":true},{"__meta":{"schema_version":3,"schema_name":"ModelParameterSchemaV3","schema_type":"Iced"},"name":"max_depth","label":"max_depth","help":"Maximum tree depth.","required":false,"type":"int","default_value":20,"actual_value":20,"level":"critical","values":[],"is_member_of_frames":[],"is_mutually_exclusive_with":[],"gridable":true},{"__meta":{"schema_version":3,"schema_name":"ModelParameterSchemaV3","schema_type":"Iced"},"name":"min_rows","label":"min_rows","help":"Fewest allowed (weighted) observations in a leaf.","required":false,"type":"double","default_value":1.0,"actual_value":1.0,"level":"critical","values":[],"is_member_of_frames":[],"is_mutually_exclusive_with":[],"gridable":true},{"__meta":{"schema_version":3,"schema_name":"ModelParameterSchemaV3","schema_type":"Iced"},"name":"nbins","label":"nbins","help":"For numerical columns (real/int), build a histogram of (at least) this many bins, then split at the best point","required":false,"type":"int","default_value":20,"actual_value":20,"level":"critical","values":[],"is_member_of_frames":[],"is_mutually_exclusive_with":[],"gridable":true},{"__meta":{"schema_version":3,"schema_name":"ModelParameterSchemaV3","schema_type":"Iced"},"name":"nbins_top_level","label":"nbins_top_level","help":"For numerical columns (real/int), build a histogram of (at most) this many bins at the root level, then decrease by factor of two per level","required":false,"type":"int","default_value":1024,"actual_value":1024,"level":"secondary","values":[],"is_member_of_frames":[],"is_mutually_exclusive_with":[],"gridable":true},{"__meta":{"schema_version":3,"schema_name":"ModelParameterSchemaV3","schema_type":"Iced"},"name":"nbins_cats","label":"nbins_cats","help":"For categorical columns (factors), build a histogram of this many bins, then split at the best point. Higher values can lead to more overfitting.","required":false,"type":"int","default_value":1024,"actual_value":1024,"level":"secondary","values":[],"is_member_of_frames":[],"is_mutually_exclusive_with":[],"gridable":true},{"__meta":{"schema_version":3,"schema_name":"ModelParameterSchemaV3","schema_type":"Iced"},"name":"r2_stopping","label":"r2_stopping","help":"r2_stopping is no longer supported and will be ignored if set - please use stopping_rounds, stopping_metric and stopping_tolerance instead. Previous version of H2O would stop making trees when the R^2 metric equals or exceeds this","required":false,"type":"double","default_value":1.7976931348623157E308,"actual_value":1.7976931348623157E308,"level":"secondary","values":[],"is_member_of_frames":[],"is_mutually_exclusive_with":[],"gridable":true},{"__meta":{"schema_version":3,"schema_name":"ModelParameterSchemaV3","schema_type":"Iced"},"name":"stopping_rounds","label":"stopping_rounds","help":"Early stopping based on convergence of stopping_metric. Stop if simple moving average of length k of the stopping_metric does not improve for k:=stopping_rounds scoring events (0 to disable)","required":false,"type":"int","default_value":0,"actual_value":0,"level":"secondary","values":[],"is_member_of_frames":[],"is_mutually_exclusive_with":[],"gridable":true},{"__meta":{"schema_version":3,"schema_name":"ModelParameterSchemaV3","schema_type":"Iced"},"name":"stopping_metric","label":"stopping_metric","help":"Metric to use for early stopping (AUTO: logloss for classification, deviance for regression and anonomaly_score for Isolation Forest). Note that custom and custom_increasing can only be used in GBM and DRF with the Python client.","required":false,"type":"enum","default_value":"AUTO","actual_value":"AUTO","level":"secondary","values":["AUTO","deviance","logloss","MSE","RMSE","MAE","RMSLE","AUC","AUCPR","lift_top_group","misclassification","mean_per_class_error","anomaly_score","custom","custom_increasing"],"is_member_of_frames":[],"is_mutually_exclusive_with":[],"gridable":true},{"__meta":{"schema_version":3,"schema_name":"ModelParameterSchemaV3","schema_type":"Iced"},"name":"stopping_tolerance","label":"stopping_tolerance","help":"Relative tolerance for metric-based stopping criterion (stop if relative improvement is not at least this much)","required":false,"type":"double","default_value":0.001,"actual_value":0.001,"level":"secondary","values":[],"is_member_of_frames":[],"is_mutually_exclusive_with":[],"gridable":true},{"__meta":{"schema_version":3,"schema_name":"ModelParameterSchemaV3","schema_type":"Iced"},"name":"max_runtime_secs","label":"max_runtime_secs","help":"Maximum allowed runtime in seconds for model training. Use 0 to disable.","required":false,"type":"double","default_value":0.0,"actual_value":0.0,"level":"secondary","values":[],"is_member_of_frames":[],"is_mutually_exclusive_with":[],"gridable":true},{"__meta":{"schema_version":3,"schema_name":"ModelParameterSchemaV3","schema_type":"Iced"},"name":"seed","label":"seed","help":"Seed for pseudo random number generator (if applicable)","required":false,"type":"long","default_value":-1,"actual_value":1693978355677749516,"level":"critical","values":[],"is_member_of_frames":[],"is_mutually_exclusive_with":[],"gridable":true},{"__meta":{"schema_version":3,"schema_name":"ModelParameterSchemaV3","schema_type":"Iced"},"name":"build_tree_one_node","label":"build_tree_one_node","help":"Run on one node only; no network overhead but fewer cpus used. Suitable for small datasets.","required":false,"type":"boolean","default_value":false,"actual_value":false,"level":"expert","values":[],"is_member_of_frames":[],"is_mutually_exclusive_with":[],"gridable":false},{"__meta":{"schema_version":3,"schema_name":"ModelParameterSchemaV3","schema_type":"Iced"},"name":"mtries","label":"mtries","help":"Number of variables randomly sampled as candidates at each split. If set to -1, defaults to sqrt{p} for classification and p/3 for regression (where p is the # of predictors","required":false,"type":"int","default_value":-1,"actual_value":-1,"level":"critical","values":[],"is_member_of_frames":[],"is_mutually_exclusive_with":[],"gridable":true},{"__meta":{"schema_version":3,"schema_name":"ModelParameterSchemaV3","schema_type":"Iced"},"name":"sample_rate","label":"sample_rate","help":"Row sample rate per tree (from 0.0 to 1.0)","required":false,"type":"double","default_value":0.632,"actual_value":0.632,"level":"critical","values":[],"is_member_of_frames":[],"is_mutually_exclusive_with":[],"gridable":true},{"__meta":{"schema_version":3,"schema_name":"ModelParameterSchemaV3","schema_type":"Iced"},"name":"sample_rate_per_class","label":"sample_rate_per_class","help":"A list of row sample rates per class (relative fraction for each class, from 0.0 to 1.0), for each tree","required":false,"type":"double[]","default_value":null,"actual_value":null,"level":"expert","values":[],"is_member_of_frames":[],"is_mutually_exclusive_with":[],"gridable":true},{"__meta":{"schema_version":3,"schema_name":"ModelParameterSchemaV3","schema_type":"Iced"},"name":"binomial_double_trees","label":"binomial_double_trees","help":"For binary classification: Build 2x as many trees (one per class) - can lead to higher accuracy.","required":false,"type":"boolean","default_value":false,"actual_value":false,"level":"expert","values":[],"is_member_of_frames":[],"is_mutually_exclusive_with":[],"gridable":false},{"__meta":{"schema_version":3,"schema_name":"ModelParameterSchemaV3","schema_type":"Iced"},"name":"checkpoint","label":"checkpoint","help":"Model checkpoint to resume training with.","required":false,"type":"Key<Model>","default_value":null,"actual_value":null,"level":"secondary","values":[],"is_member_of_frames":[],"is_mutually_exclusive_with":[],"gridable":false},{"__meta":{"schema_version":3,"schema_name":"ModelParameterSchemaV3","schema_type":"Iced"},"name":"col_sample_rate_change_per_level","label":"col_sample_rate_change_per_level","help":"Relative change of the column sampling rate for every level (must be > 0.0 and <= 2.0)","required":false,"type":"double","default_value":1.0,"actual_value":1.0,"level":"expert","values":[],"is_member_of_frames":[],"is_mutually_exclusive_with":[],"gridable":true},{"__meta":{"schema_version":3,"schema_name":"ModelParameterSchemaV3","schema_type":"Iced"},"name":"col_sample_rate_per_tree","label":"col_sample_rate_per_tree","help":"Column sample rate per tree (from 0.0 to 1.0)","required":false,"type":"double","default_value":1.0,"actual_value":1.0,"level":"secondary","values":[],"is_member_of_frames":[],"is_mutually_exclusive_with":[],"gridable":true},{"__meta":{"schema_version":3,"schema_name":"ModelParameterSchemaV3","schema_type":"Iced"},"name":"min_split_improvement","label":"min_split_improvement","help":"Minimum relative improvement in squared error reduction for a split to happen","required":false,"type":"double","default_value":1.0E-5,"actual_value":1.0E-5,"level":"secondary","values":[],"is_member_of_frames":[],"is_mutually_exclusive_with":[],"gridable":true},{"__meta":{"schema_version":3,"schema_name":"ModelParameterSchemaV3","schema_type":"Iced"},"name":"histogram_type","label":"histogram_type","help":"What type of histogram to use for finding optimal split points","required":false,"type":"enum","default_value":"AUTO","actual_value":"AUTO","level":"secondary","values":["AUTO","UniformAdaptive","Random","QuantilesGlobal","RoundRobin"],"is_member_of_frames":[],"is_mutually_exclusive_with":[],"gridable":true},{"__meta":{"schema_version":3,"schema_name":"ModelParameterSchemaV3","schema_type":"Iced"},"name":"categorical_encoding","label":"categorical_encoding","help":"Encoding scheme for categorical features","required":false,"type":"enum","default_value":"AUTO","actual_value":"AUTO","level":"secondary","values":["AUTO","Enum","OneHotInternal","OneHotExplicit","Binary","Eigen","LabelEncoder","SortByResponse","EnumLimited"],"is_member_of_frames":[],"is_mutually_exclusive_with":[],"gridable":true},{"__meta":{"schema_version":3,"schema_name":"ModelParameterSchemaV3","schema_type":"Iced"},"name":"calibrate_model","label":"calibrate_model","help":"Use Platt Scaling to calculate calibrated class probabilities. Calibration can provide more accurate estimates of class probabilities.","required":false,"type":"boolean","default_value":false,"actual_value":false,"level":"expert","values":[],"is_member_of_frames":[],"is_mutually_exclusive_with":[],"gridable":false},{"__meta":{"schema_version":3,"schema_name":"ModelParameterSchemaV3","schema_type":"Iced"},"name":"calibration_frame","label":"calibration_frame","help":"Calibration frame for Platt Scaling","required":false,"type":"Key<Frame>","default_value":null,"actual_value":null,"level":"expert","values":[],"is_member_of_frames":[],"is_mutually_exclusive_with":[],"gridable":false},{"__meta":{"schema_version":3,"schema_name":"ModelParameterSchemaV3","schema_type":"Iced"},"name":"distribution","label":"distribution","help":"Distribution function","required":false,"type":"enum","default_value":"AUTO","actual_value":"multinomial","level":"secondary","values":["AUTO","bernoulli","quasibinomial","ordinal","multinomial","gaussian","poisson","gamma","tweedie","laplace","quantile","huber","custom"],"is_member_of_frames":[],"is_mutually_exclusive_with":[],"gridable":true},{"__meta":{"schema_version":3,"schema_name":"ModelParameterSchemaV3","schema_type":"Iced"},"name":"custom_metric_func","label":"custom_metric_func","help":"Reference to custom evaluation function, format: `language:keyName=funcName`","required":false,"type":"string","default_value":null,"actual_value":null,"level":"secondary","values":[],"is_member_of_frames":[],"is_mutually_exclusive_with":[],"gridable":false},{"__meta":{"schema_version":3,"schema_name":"ModelParameterSchemaV3","schema_type":"Iced"},"name":"export_checkpoints_dir","label":"export_checkpoints_dir","help":"Automatically export generated models to this directory.","required":false,"type":"string","default_value":null,"actual_value":null,"level":"secondary","values":[],"is_member_of_frames":[],"is_mutually_exclusive_with":[],"gridable":false},{"__meta":{"schema_version":3,"schema_name":"ModelParameterSchemaV3","schema_type":"Iced"},"name":"check_constant_response","label":"check_constant_response","help":"Check if response column is constant. If enabled, then an exception is thrown if the response column is a constant value.If disabled, then model will train regardless of the response column being a constant value or not.","required":false,"type":"boolean","default_value":true,"actual_value":true,"level":"expert","values":[],"is_member_of_frames":[],"is_mutually_exclusive_with":[],"gridable":false}],"output":{"__meta":{"schema_version":3,"schema_name":"DRFModelOutputV3","schema_type":"DRFOutput"},"names":["Target Pos X","Target Pos Y","Target Heading","Target Velocity","Power","Distance","Hit","Target Name"],"original_names":null,"column_types":["Numeric","Numeric","Numeric","Numeric","Numeric","Numeric","Numeric","Enum"],"domains":[null,null,null,null,null,null,null,["sample.Corners","sample.Crazy","sample.Fire","sample.SittingDuck","sample.Walls"]],"cross_validation_models":[{"__meta":{"schema_version":3,"schema_name":"ModelKeyV3","schema_type":"Key<Model>"},"name":"drf-50-20-10fold_cv_1","type":"Key<Model>","URL":"/3/Models/drf-50-20-10fold_cv_1"},{"__meta":{"schema_version":3,"schema_name":"ModelKeyV3","schema_type":"Key<Model>"},"name":"drf-50-20-10fold_cv_2","type":"Key<Model>","URL":"/3/Models/drf-50-20-10fold_cv_2"},{"__meta":{"schema_version":3,"schema_name":"ModelKeyV3","schema_type":"Key<Model>"},"name":"drf-50-20-10fold_cv_3","type":"Key<Model>","URL":"/3/Models/drf-50-20-10fold_cv_3"},{"__meta":{"schema_version":3,"schema_name":"ModelKeyV3","schema_type":"Key<Model>"},"name":"drf-50-20-10fold_cv_4","type":"Key<Model>","URL":"/3/Models/drf-50-20-10fold_cv_4"},{"__meta":{"schema_version":3,"schema_name":"ModelKeyV3","schema_type":"Key<Model>"},"name":"drf-50-20-10fold_cv_5","type":"Key<Model>","URL":"/3/Models/drf-50-20-10fold_cv_5"},{"__meta":{"schema_version":3,"schema_name":"ModelKeyV3","schema_type":"Key<Model>"},"name":"drf-50-20-10fold_cv_6","type":"Key<Model>","URL":"/3/Models/drf-50-20-10fold_cv_6"},{"__meta":{"schema_version":3,"schema_name":"ModelKeyV3","schema_type":"Key<Model>"},"name":"drf-50-20-10fold_cv_7","type":"Key<Model>","URL":"/3/Models/drf-50-20-10fold_cv_7"},{"__meta":{"schema_version":3,"schema_name":"ModelKeyV3","schema_type":"Key<Model>"},"name":"drf-50-20-10fold_cv_8","type":"Key<Model>","URL":"/3/Models/drf-50-20-10fold_cv_8"},{"__meta":{"schema_version":3,"schema_name":"ModelKeyV3","schema_type":"Key<Model>"},"name":"drf-50-20-10fold_cv_9","type":"Key<Model>","URL":"/3/Models/drf-50-20-10fold_cv_9"},{"__meta":{"schema_version":3,"schema_name":"ModelKeyV3","schema_type":"Key<Model>"},"name":"drf-50-20-10fold_cv_10","type":"Key<Model>","URL":"/3/Models/drf-50-20-10fold_cv_10"}],"cross_validation_predictions":null,"cross_validation_holdout_predictions_frame_id":null,"cross_validation_fold_assignment_frame_id":null,"model_category":"Multinomial","model_summary":{"__meta":{"schema_version":3,"schema_name":"TwoDimTableV3","schema_type":"TwoDimTable"},"name":"Model Summary","description":"","columns":[{"__meta":{"schema_version":-1,"schema_name":"ColumnSpecsBase","schema_type":"Iced"},"name":"","type":"string","format":"%s","description":""},{"__meta":{"schema_version":-1,"schema_name":"ColumnSpecsBase","schema_type":"Iced"},"name":"number_of_trees","type":"long","format":"%d","description":"Number of Trees"},{"__meta":{"schema_version":-1,"schema_name":"ColumnSpecsBase","schema_type":"Iced"},"name":"number_of_internal_trees","type":"long","format":"%d","description":"Number of Internal Trees"},{"__meta":{"schema_version":-1,"schema_name":"ColumnSpecsBase","schema_type":"Iced"},"name":"model_size_in_bytes","type":"long","format":"%d","description":"Model Size in Bytes"},{"__meta":{"schema_version":-1,"schema_name":"ColumnSpecsBase","schema_type":"Iced"},"name":"min_depth","type":"long","format":"%d","description":"Min. Depth"},{"__meta":{"schema_version":-1,"schema_name":"ColumnSpecsBase","schema_type":"Iced"},"name":"max_depth","type":"long","format":"%d","description":"Max. Depth"},{"__meta":{"schema_version":-1,"schema_name":"ColumnSpecsBase","schema_type":"Iced"},"name":"mean_depth","type":"double","format":"%.5f","description":"Mean Depth"},{"__meta":{"schema_version":-1,"schema_name":"ColumnSpecsBase","schema_type":"Iced"},"name":"min_leaves","type":"long","format":"%d","description":"Min. Leaves"},{"__meta":{"schema_version":-1,"schema_name":"ColumnSpecsBase","schema_type":"Iced"},"name":"max_leaves","type":"long","format":"%d","description":"Max. Leaves"},{"__meta":{"schema_version":-1,"schema_name":"ColumnSpecsBase","schema_type":"Iced"},"name":"mean_leaves","type":"double","format":"%.5f","description":"Mean Leaves"}],"rowcount":1,"data":[[""],[50],[250],[2073529],[18],[20],[19.984],[356],[944],[656.476]]},"scoring_history":{"__meta":{"schema_version":3,"schema_name":"TwoDimTableV3","schema_type":"TwoDimTable"},"name":"Scoring History","description":"","columns":[{"__meta":{"schema_version":-1,"schema_name":"ColumnSpecsBase","schema_type":"Iced"},"name":"","type":"string","format":"%s","description":""},{"__meta":{"schema_version":-1,"schema_name":"ColumnSpecsBase","schema_type":"Iced"},"name":"timestamp","type":"string","format":"%s","description":"Timestamp"},{"__meta":{"schema_version":-1,"schema_name":"ColumnSpecsBase","schema_type":"Iced"},"name":"duration","type":"string","format":"%s","description":"Duration"},{"__meta":{"schema_version":-1,"schema_name":"ColumnSpecsBase","schema_type":"Iced"},"name":"number_of_trees","type":"long","format":"%d","description":"Number of Trees"},{"__meta":{"schema_version":-1,"schema_name":"ColumnSpecsBase","schema_type":"Iced"},"name":"training_rmse","type":"double","format":"%.5f","description":"Training RMSE"},{"__meta":{"schema_version":-1,"schema_name":"ColumnSpecsBase","schema_type":"Iced"},"name":"training_logloss","type":"double","format":"%.5f","description":"Training LogLoss"},{"__meta":{"schema_version":-1,"schema_name":"ColumnSpecsBase","schema_type":"Iced"},"name":"training_classification_error","type":"double","format":"%.5f","description":"Training Classification Error"},{"__meta":{"schema_version":-1,"schema_name":"ColumnSpecsBase","schema_type":"Iced"},"name":"validation_rmse","type":"double","format":"%.5f","description":"Validation RMSE"},{"__meta":{"schema_version":-1,"schema_name":"ColumnSpecsBase","schema_type":"Iced"},"name":"validation_logloss","type":"double","format":"%.5f","description":"Validation LogLoss"},{"__meta":{"schema_version":-1,"schema_name":"ColumnSpecsBase","schema_type":"Iced"},"name":"validation_classification_error","type":"double","format":"%.5f","description":"Validation Classification Error"}],"rowcount":51,"data":[["","","","","","","","","","","","","","","","","","","","","","","","","","","","","","","","","","","","","","","","","","","","","","","","","","",""],["2020-06-20 03:17:30","2020-06-20 03:17:30","2020-06-20 03:17:30","2020-06-20 03:17:30","2020-06-20 03:17:30","2020-06-20 03:17:30","2020-06-20 03:17:30","2020-06-20 03:17:31","2020-06-20 03:17:31","2020-06-20 03:17:31","2020-06-20 03:17:31","2020-06-20 03:17:31","2020-06-20 03:17:31","2020-06-20 03:17:31","2020-06-20 03:17:31","2020-06-20 03:17:32","2020-06-20 03:17:32","2020-06-20 03:17:32","2020-06-20 03:17:32","2020-06-20 03:17:32","2020-06-20 03:17:32","2020-06-20 03:17:33","2020-06-20 03:17:33","2020-06-20 03:17:33","2020-06-20 03:17:33","2020-06-20 03:17:33","2020-06-20 03:17:34","2020-06-20 03:17:34","2020-06-20 03:17:34","2020-06-20 03:17:34","2020-06-20 03:17:34","2020-06-20 03:17:35","2020-06-20 03:17:35","2020-06-20 03:17:35","2020-06-20 03:17:35","2020-06-20 03:17:35","2020-06-20 03:17:36","2020-06-20 03:17:36","2020-06-20 03:17:36","2020-06-20 03:17:36","2020-06-20 03:17:36","2020-06-20 03:17:37","2020-06-20 03:17:37","2020-06-20 03:17:37","2020-06-20 03:17:37","2020-06-20 03:17:38","2020-06-20 03:17:38","2020-06-20 03:17:38","2020-06-20 03:17:38","2020-06-20 03:17:38","2020-06-20 03:17:39"],[" 1 min  4.660 sec"," 1 min  4.760 sec"," 1 min  4.848 sec"," 1 min  4.941 sec"," 1 min  5.030 sec"," 1 min  5.143 sec"," 1 min  5.246 sec"," 1 min  5.367 sec"," 1 min  5.476 sec"," 1 min  5.612 sec"," 1 min  5.725 sec"," 1 min  5.844 sec"," 1 min  5.957 sec"," 1 min  6.074 sec"," 1 min  6.213 sec"," 1 min  6.369 sec"," 1 min  6.509 sec"," 1 min  6.656 sec"," 1 min  6.803 sec"," 1 min  6.944 sec"," 1 min  7.291 sec"," 1 min  7.453 sec"," 1 min  7.608 sec"," 1 min  7.832 sec"," 1 min  8.009 sec"," 1 min  8.173 sec"," 1 min  8.343 sec"," 1 min  8.533 sec"," 1 min  8.725 sec"," 1 min  8.968 sec"," 1 min  9.153 sec"," 1 min  9.326 sec"," 1 min  9.527 sec"," 1 min  9.735 sec"," 1 min  9.938 sec"," 1 min 10.144 sec"," 1 min 10.353 sec"," 1 min 10.576 sec"," 1 min 10.787 sec"," 1 min 11.010 sec"," 1 min 11.215 sec"," 1 min 11.422 sec"," 1 min 11.643 sec"," 1 min 11.871 sec"," 1 min 12.103 sec"," 1 min 12.323 sec"," 1 min 12.535 sec"," 1 min 12.758 sec"," 1 min 12.984 sec"," 1 min 13.199 sec"," 1 min 13.425 sec"],[0,1,2,3,4,5,6,7,8,9,10,11,12,13,14,15,16,17,18,19,20,21,22,23,24,25,26,27,28,29,30,31,32,33,34,35,36,37,38,39,40,41,42,43,44,45,46,47,48,49,50],["NaN",0.2866646794787034,0.2694713091533902,0.26135335277076766,0.2472761448118166,0.2310430159791996,0.22283474199194647,0.21764098582415947,0.21206219417369215,0.20863381270395423,0.2048278705587311,0.20193540999824822,0.19801769946571338,0.199393294891101,0.1975973579745949,0.19499955677347083,0.19472341410652516,0.19396605472013362,0.19296016140902042,0.19010858847034892,0.19075727388602498,0.1893088185654045,0.18773993925533294,0.18580191518348338,0.18541293389514293,0.18506826273621158,0.18399067317116238,0.18324262583145495,0.18242908517524048,0.1813955886088706,0.18145714683799388,0.18123273399910858,0.18070842785750849,0.18141695969352037,0.18104063508304777,0.18094607368430488,0.18092843163338249,0.18028284919058282,0.18000040366224707,0.17936462460904629,0.1793862410832816,0.17891136060657453,0.17827263046274364,0.1773688066583872,0.1770107180488881,0.17620427623773735,0.17582008125278148,0.17547053242060778,0.17614536929134147,0.17609678828305664,0.17592205173700462],["NaN",2.113758841862865,1.689078255106782,1.4156128659468448,1.1306150012502854,0.9136224845283899,0.7809658913345204,0.6696215755469759,0.5627371749188126,0.4915977405154564,0.44079024907475467,0.40104172195611015,0.35790116647252124,0.343951715164857,0.3295747119398886,0.30794728386934705,0.2904295024505967,0.27408690908566197,0.26552878411265535,0.24692255687486808,0.24497995929174257,0.2359522362436036,0.23337039882720542,0.22525765284842944,0.22410582626755374,0.22412016757077619,0.22350721669882231,0.21824436231587385,0.21440715697481172,0.2104874013778212,0.2075986195502701,0.20459196678843075,0.20423953350889726,0.2020185901369842,0.19683960394477615,0.19350766931818025,0.19376166610729895,0.19168749785392702,0.1915926699243837,0.18797926262199893,0.18836262481862914,0.18804701929896422,0.18132664736612972,0.18064525987199886,0.17715628354748236,0.17142053348872055,0.17118820639834692,0.1678220571387336,0.16875149715832205,0.16710165660344084,0.1637123851274618],["NaN",0.07905529628058267,0.07203571735210784,0.07041281237056468,0.06458756228086363,0.054628833476640874,0.05090248734316531,0.04740102343118772,0.04485852311939269,0.04236308209818144,0.038304765886287624,0.03662851196670135,0.03363787375415282,0.034316520657301335,0.032941420210286426,0.031623621965736766,0.031203104786545924,0.03098649837049299,0.029690167071846067,0.02812968612648017,0.028126777312445065,0.02714160161298661,0.025849144393320582,0.025279156327543423,0.024400330851943756,0.023831679073614557,0.02295285359801489,0.02269437551695616,0.02217741935483871,0.02186724565756824,0.021970636889991728,0.021557071960297765,0.02119520264681555,0.021505376344086023,0.021557071960297765,0.021401985111662532,0.02160876757650951,0.02119520264681555,0.021040115798180315,0.020264681555004136,0.019747725392886682,0.01959263854425145,0.01912737799834574,0.018455334987593053,0.018403639371381307,0.017834987593052107,0.017886683209263853,0.017834987593052107,0.01824855252274607,0.01804177005789909,0.018145161290322582],["NaN",0.4780540907555899,0.40925968958946163,0.3884154641345035,0.3730943903653566,0.36510429759957663,0.3665078077516854,0.36459123099773366,0.3625100061565937,0.36166715279697237,0.3614403836879388,0.36101016702498445,0.3608072832509432,0.36042809760420014,0.3598521121206444,0.36021355332581095,0.3607433961455323,0.360015246150087,0.35957133789123247,0.35966366530914584,0.36026410183904206,0.3592505985490195,0.3588524399633539,0.3585617854086064,0.35866908434328637,0.35866177563860246,0.3592761543927892,0.3592767165492747,0.35871685028226846,0.3582933867712601,0.3593754198906672,0.35935925562107374,0.359436300408806,0.35976246114317667,0.3594841966209013,0.3590476464391276,0.3585475392512128,0.35819035287970014,0.35826886821270865,0.35859002110907284,0.3584131992076522,0.35873002377134483,0.3582958431955752,0.35842498690454183,0.35863080076801546,0.3581348123264533,0.35806458778168676,0.3583288277555883,0.35848529778880917,0.35849741148220005,0.35833462149747225],["NaN",6.794782692391025,3.632192120104049,2.5692118410163634,1.8814306805333605,1.5941998989928485,1.4270520685957662,1.2847345940430739,1.110528283507649,1.0142439312118015,0.8859206723208701,0.8408093557370558,0.8198200598968394,0.7765237101869321,0.7417042058441224,0.7295855734801842,0.7091079574684003,0.7074419451053436,0.7062285017257351,0.6860999749154225,0.6879120149685257,0.6861683742269117,0.6858333501691369,0.6760731816361446,0.6158098886351465,0.616348579245004,0.6079385060291805,0.5980617444386155,0.5970285344815502,0.5667775052773152,0.5692887138846272,0.5670400773734123,0.5670633779332602,0.5680407893267579,0.5667376664690911,0.5650520423142992,0.5544129309604606,0.5540464851905759,0.5546471974708282,0.5554213951554303,0.554293373153456,0.5551984615461125,0.553591308624525,0.5538805515661528,0.5079217931401188,0.5049653304007925,0.5046032930894112,0.5054550655248755,0.5053191500399493,0.4952603074768308,0.4948736141928569],["NaN",0.2211965811965812,0.19145299145299147,0.1835897435897436,0.1688888888888889,0.16307692307692306,0.1634188034188034,0.16136752136752136,0.16273504273504275,0.1617094017094017,0.16034188034188035,0.1558974358974359,0.15452991452991452,0.1511111111111111,0.15282051282051282,0.15452991452991452,0.15555555555555556,0.15452991452991452,0.14974358974358976,0.1517948717948718,0.15316239316239316,0.15247863247863247,0.14905982905982906,0.14837606837606837,0.14905982905982906,0.15076923076923077,0.15145299145299146,0.1511111111111111,0.15008547008547007,0.147008547008547,0.1494017094017094,0.1494017094017094,0.15042735042735042,0.15076923076923077,0.15008547008547007,0.15076923076923077,0.15076923076923077,0.15042735042735042,0.15042735042735042,0.15247863247863247,0.15076923076923077,0.1511111111111111,0.15042735042735042,0.15042735042735042,0.14974358974358976,0.14871794871794872,0.15008547008547007,0.15008547008547007,0.1517948717948718,0.15042735042735042,0.15008547008547007]]},"training_metrics":{"__meta":{"schema_version":3,"schema_name":"ModelMetricsMultinomialV3","schema_type":"ModelMetricsMultinomial"},"model":{"__meta":{"schema_version":3,"schema_name":"ModelKeyV3","schema_type":"Key<Model>"},"name":"drf-50-20-10fold","type":"Key<Model>","URL":"/3/Models/drf-50-20-10fold"},"model_checksum":-22312361043313960,"frame":{"__meta":{"schema_version":3,"schema_name":"FrameKeyV3","schema_type":"Key<Frame>"},"name":"train.hex","type":"Key<Frame>","URL":"/3/Frames/train.hex"},"frame_checksum":-7489936643349308214,"description":"Metrics reported on Out-Of-Bag training samples","model_category":"Multinomial","scoring_time":1592619459111,"predictions":null,"MSE":0.030948568287357335,"RMSE":0.17592205173700462,"nobs":19344,"custom_metric_name":null,"custom_metric_value":0.0,"r2":0.9845277154588559,"hit_ratio_table":{"__meta":{"schema_version":3,"schema_name":"TwoDimTableV3","schema_type":"TwoDimTable"},"name":"Top-5 Hit Ratios","description":"","columns":[{"__meta":{"schema_version":-1,"schema_name":"ColumnSpecsBase","schema_type":"Iced"},"name":"k","type":"string","format":"%s","description":"K"},{"__meta":{"schema_version":-1,"schema_name":"ColumnSpecsBase","schema_type":"Iced"},"name":"hit_ratio","type":"float","format":"%f","description":"Hit Ratio"}],"rowcount":5,"data":[["1","2","3","4","5"],[0.98185486,0.9978288,0.9987076,0.9991211,0.99999994]]},"cm":{"__meta":{"schema_version":3,"schema_name":"ConfusionMatrixV3","schema_type":"ConfusionMatrix"},"table":{"__meta":{"schema_version":3,"schema_name":"TwoDimTableV3","schema_type":"TwoDimTable"},"name":"Confusion Matrix","description":"Row labels: Actual class; Column labels: Predicted class","columns":[{"__meta":{"schema_version":-1,"schema_name":"ColumnSpecsBase","schema_type":"Iced"},"name":"sample.Corners","type":"long","format":"%d","description":"sample.Corners"},{"__meta":{"schema_version":-1,"schema_name":"ColumnSpecsBase","schema_type":"Iced"},"name":"sample.Crazy","type":"long","format":"%d","description":"sample.Crazy"},{"__meta":{"schema_version":-1,"schema_name":"ColumnSpecsBase","schema_type":"Iced"},"name":"sample.Fire","type":"long","format":"%d","description":"sample.Fire"},{"__meta":{"schema_version":-1,"schema_name":"ColumnSpecsBase","schema_type":"Iced"},"name":"sample.SittingDuck","type":"long","format":"%d","description":"sample.SittingDuck"},{"__meta":{"schema_version":-1,"schema_name":"ColumnSpecsBase","schema_type":"Iced"},"name":"sample.Walls","type":"long","format":"%d","description":"sample.Walls"},{"__meta":{"schema_version":-1,"schema_name":"ColumnSpecsBase","schema_type":"Iced"},"name":"Error","type":"double","format":"%.4f","description":"Error"},{"__meta":{"schema_version":-1,"schema_name":"ColumnSpecsBase","schema_type":"Iced"},"name":"Rate","type":"string","format":"= %12s","description":"Rate"}],"rowcount":6,"data":[[3863,1,0,0,30,3894],[2,3832,9,0,62,3905],[1,8,3842,152,38,4041],[0,0,0,3716,1,3717],[0,36,11,0,3740,3787],[7.759958613554061E-4,0.011606912561258705,0.005178663904712584,0.03929679420889348,0.03384138465512787,0.018145161290322582],["3 / 3.866","45 / 3.877","20 / 3.862","152 / 3.868","131 / 3.871","351 / 19.344"]]}},"logloss":0.1637123851274618,"mean_per_class_error":0.018139950238269607},"validation_metrics":{"__meta":{"schema_version":3,"schema_name":"ModelMetricsMultinomialV3","schema_type":"ModelMetricsMultinomial"},"model":{"__meta":{"schema_version":3,"schema_name":"ModelKeyV3","schema_type":"Key<Model>"},"name":"drf-50-20-10fold","type":"Key<Model>","URL":"/3/Models/drf-50-20-10fold"},"model_checksum":-22312361043313960,"frame":{"__meta":{"schema_version":3,"schema_name":"FrameKeyV3","schema_type":"Key<Frame>"},"name":"test.hex","type":"Key<Frame>","URL":"/3/Frames/test.hex"},"frame_checksum":1397587033816451812,"description":null,"model_category":"Multinomial","scoring_time":1592619459225,"predictions":null,"MSE":0.1284037009637367,"RMSE":0.35833462149747225,"nobs":2925,"custom_metric_name":null,"custom_metric_value":0.0,"r2":0.9417634693565591,"hit_ratio_table":{"__meta":{"schema_version":3,"schema_name":"TwoDimTableV3","schema_type":"TwoDimTable"},"name":"Top-5 Hit Ratios","description":"","columns":[{"__meta":{"schema_version":-1,"schema_name":"ColumnSpecsBase","schema_type":"Iced"},"name":"k","type":"string","format":"%s","description":"K"},{"__meta":{"schema_version":-1,"schema_name":"ColumnSpecsBase","schema_type":"Iced"},"name":"hit_ratio","type":"float","format":"%f","description":"Hit Ratio"}],"rowcount":5,"data":[["1","2","3","4","5"],[0.84991455,0.95384616,0.9859829,0.9948718,1.0]]},"cm":{"__meta":{"schema_version":3,"schema_name":"ConfusionMatrixV3","schema_type":"ConfusionMatrix"},"table":{"__meta":{"schema_version":3,"schema_name":"TwoDimTableV3","schema_type":"TwoDimTable"},"name":"Confusion Matrix","description":"Row labels: Actual class; Column labels: Predicted class","columns":[{"__meta":{"schema_version":-1,"schema_name":"ColumnSpecsBase","schema_type":"Iced"},"name":"sample.Corners","type":"long","format":"%d","description":"sample.Corners"},{"__meta":{"schema_version":-1,"schema_name":"ColumnSpecsBase","schema_type":"Iced"},"name":"sample.Crazy","type":"long","format":"%d","description":"sample.Crazy"},{"__meta":{"schema_version":-1,"schema_name":"ColumnSpecsBase","schema_type":"Iced"},"name":"sample.Fire","type":"long","format":"%d","description":"sample.Fire"},{"__meta":{"schema_version":-1,"schema_name":"ColumnSpecsBase","schema_type":"Iced"},"name":"sample.SittingDuck","type":"long","format":"%d","description":"sample.SittingDuck"},{"__meta":{"schema_version":-1,"schema_name":"ColumnSpecsBase","schema_type":"Iced"},"name":"sample.Walls","type":"long","format":"%d","description":"sample.Walls"},{"__meta":{"schema_version":-1,"schema_name":"ColumnSpecsBase","schema_type":"Iced"},"name":"Error","type":"double","format":"%.4f","description":"Error"},{"__meta":{"schema_version":-1,"schema_name":"ColumnSpecsBase","schema_type":"Iced"},"name":"Rate","type":"string","format":"= %11s","description":"Rate"}],"rowcount":6,"data":[[193,0,3,0,10,206],[6,617,36,3,21,683],[27,19,377,120,13,556],[3,0,10,68,0,81],[65,66,33,4,1231,1399],[0.3435374149659864,0.12108262108262108,0.1786492374727669,0.6512820512820513,0.034509803921568626,0.15008547008547007],["101 / 294","85 / 702","82 / 459","127 / 195","44 / 1.275","439 / 2.925"]]}},"logloss":0.4948736141928569,"mean_per_class_error":0.26581222574499885},"cross_validation_metrics":{"__meta":{"schema_version":3,"schema_name":"ModelMetricsMultinomialV3","schema_type":"ModelMetricsMultinomial"},"model":{"__meta":{"schema_version":3,"schema_name":"ModelKeyV3","schema_type":"Key<Model>"},"name":"drf-50-20-10fold","type":"Key<Model>","URL":"/3/Models/drf-50-20-10fold"},"model_checksum":-22312361043313960,"frame":{"__meta":{"schema_version":3,"schema_name":"FrameKeyV3","schema_type":"Key<Frame>"},"name":"train.hex","type":"Key<Frame>","URL":"/3/Frames/train.hex"},"frame_checksum":-7489936643349308214,"description":"10-fold cross-validation on training data (Metrics computed for combined holdout predictions)","model_category":"Multinomial","scoring_time":1592619459272,"predictions":null,"MSE":0.12723157122709908,"RMSE":0.35669534791905977,"nobs":8860,"custom_metric_name":null,"custom_metric_value":0.0,"r2":0.9407493909029162,"hit_ratio_table":{"__meta":{"schema_version":3,"schema_name":"TwoDimTableV3","schema_type":"TwoDimTable"},"name":"Top-5 Hit Ratios","description":"","columns":[{"__meta":{"schema_version":-1,"schema_name":"ColumnSpecsBase","schema_type":"Iced"},"name":"k","type":"string","format":"%s","description":"K"},{"__meta":{"schema_version":-1,"schema_name":"ColumnSpecsBase","schema_type":"Iced"},"name":"hit_ratio","type":"float","format":"%f","description":"Hit Ratio"}],"rowcount":5,"data":[["1","2","3","4","5"],[0.8520316,0.95699775,0.98611736,0.9958239,1.0]]},"cm":{"__meta":{"schema_version":3,"schema_name":"ConfusionMatrixV3","schema_type":"ConfusionMatrix"},"table":{"__meta":{"schema_version":3,"schema_name":"TwoDimTableV3","schema_type":"TwoDimTable"},"name":"Confusion Matrix","description":"Row labels: Actual class; Column labels: Predicted class","columns":[{"__meta":{"schema_version":-1,"schema_name":"ColumnSpecsBase","schema_type":"Iced"},"name":"sample.Corners","type":"long","format":"%d","description":"sample.Corners"},{"__meta":{"schema_version":-1,"schema_name":"ColumnSpecsBase","schema_type":"Iced"},"name":"sample.Crazy","type":"long","format":"%d","description":"sample.Crazy"},{"__meta":{"schema_version":-1,"schema_name":"ColumnSpecsBase","schema_type":"Iced"},"name":"sample.Fire","type":"long","format":"%d","description":"sample.Fire"},{"__meta":{"schema_version":-1,"schema_name":"ColumnSpecsBase","schema_type":"Iced"},"name":"sample.SittingDuck","type":"long","format":"%d","description":"sample.SittingDuck"},{"__meta":{"schema_version":-1,"schema_name":"ColumnSpecsBase","schema_type":"Iced"},"name":"sample.Walls","type":"long","format":"%d","description":"sample.Walls"},{"__meta":{"schema_version":-1,"schema_name":"ColumnSpecsBase","schema_type":"Iced"},"name":"Error","type":"double","format":"%.4f","description":"Error"},{"__meta":{"schema_version":-1,"schema_name":"ColumnSpecsBase","schema_type":"Iced"},"name":"Rate","type":"string","format":"= %13s","description":"Rate"}],"rowcount":6,"data":[[555,7,8,2,21,593],[25,1800,100,26,63,2014],[64,79,1223,361,37,1764],[5,2,28,222,1,258],[174,180,116,12,3749,4231],[0.32563791008505466,0.12959381044487428,0.17084745762711864,0.6436597110754414,0.031516404029966416,0.1479683972911964],["268 / 823","268 / 2.068","252 / 1.475","401 / 623","122 / 3.871","1.311 / 8.860"]]}},"logloss":0.44797917733187637,"mean_per_class_error":0.2602510586524911},"cross_validation_metrics_summary":{"__meta":{"schema_version":3,"schema_name":"TwoDimTableV3","schema_type":"TwoDimTable"},"name":"Cross-Validation Metrics Summary","description":"","columns":[{"__meta":{"schema_version":-1,"schema_name":"ColumnSpecsBase","schema_type":"Iced"},"name":"","type":"string","format":"%s","description":""},{"__meta":{"schema_version":-1,"schema_name":"ColumnSpecsBase","schema_type":"Iced"},"name":"mean","type":"string","format":"%s","description":"mean"},{"__meta":{"schema_version":-1,"schema_name":"ColumnSpecsBase","schema_type":"Iced"},"name":"sd","type":"string","format":"%s","description":"sd"},{"__meta":{"schema_version":-1,"schema_name":"ColumnSpecsBase","schema_type":"Iced"},"name":"cv_1_valid","type":"string","format":"%s","description":"cv_1_valid"},{"__meta":{"schema_version":-1,"schema_name":"ColumnSpecsBase","schema_type":"Iced"},"name":"cv_2_valid","type":"string","format":"%s","description":"cv_2_valid"},{"__meta":{"schema_version":-1,"schema_name":"ColumnSpecsBase","schema_type":"Iced"},"name":"cv_3_valid","type":"string","format":"%s","description":"cv_3_valid"},{"__meta":{"schema_version":-1,"schema_name":"ColumnSpecsBase","schema_type":"Iced"},"name":"cv_4_valid","type":"string","format":"%s","description":"cv_4_valid"},{"__meta":{"schema_version":-1,"schema_name":"ColumnSpecsBase","schema_type":"Iced"},"name":"cv_5_valid","type":"string","format":"%s","description":"cv_5_valid"},{"__meta":{"schema_version":-1,"schema_name":"ColumnSpecsBase","schema_type":"Iced"},"name":"cv_6_valid","type":"string","format":"%s","description":"cv_6_valid"},{"__meta":{"schema_version":-1,"schema_name":"ColumnSpecsBase","schema_type":"Iced"},"name":"cv_7_valid","type":"string","format":"%s","description":"cv_7_valid"},{"__meta":{"schema_version":-1,"schema_name":"ColumnSpecsBase","schema_type":"Iced"},"name":"cv_8_valid","type":"string","format":"%s","description":"cv_8_valid"},{"__meta":{"schema_version":-1,"schema_name":"ColumnSpecsBase","schema_type":"Iced"},"name":"cv_9_valid","type":"string","format":"%s","description":"cv_9_valid"},{"__meta":{"schema_version":-1,"schema_name":"ColumnSpecsBase","schema_type":"Iced"},"name":"cv_10_valid","type":"string","format":"%s","description":"cv_10_valid"}],"rowcount":10,"data":[["accuracy","err","err_count","logloss","max_per_class_error","mean_per_class_accuracy","mean_per_class_error","mse","r2","rmse"],["0.85196894","0.14803107","131.1","0.44734737","0.64555645","0.73971444","0.26028556","0.12727144","0.9406437","0.3566773"],["0.0095410785","0.0095410785","7.8095384","0.064166725","0.06691846","0.016109124","0.016109124","0.005506893","0.002558552","0.00765614"],["0.85888886","0.1411111","127.0","0.49022207","0.65","0.7449557","0.25504425","0.1235088","0.941019","0.3514382"],["0.85714287","0.14285715","124.0","0.3926335","0.6851852","0.7328945","0.2671055","0.12315555","0.94269955","0.35093525"],["0.84385765","0.15614237","136.0","0.41482386","0.57746476","0.7527787","0.24722128","0.13388875","0.9385536","0.36590812"],["0.86004514","0.13995485","124.0","0.40250668","0.53846157","0.76684195","0.23315804","0.12834263","0.9420753","0.3582494"],["0.858427","0.14157303","126.0","0.38485506","0.55172414","0.7603259","0.23967412","0.12128697","0.94222593","0.3482628"],["0.8308051","0.16919486","145.0","0.47268626","0.6969697","0.72726315","0.27273688","0.13801292","0.9348517","0.37150088"],["0.84780157","0.15219842","135.0","0.45606518","0.67142856","0.71699554","0.28300443","0.12418426","0.9416873","0.35239786"],["0.8617143","0.13828571","121.0","0.39619198","0.7407407","0.73410803","0.26589197","0.12370086","0.942069","0.35171133"],["0.8485839","0.15141612","139.0","0.46981722","0.6666667","0.7251349","0.27486506","0.12505798","0.9427442","0.3536354"],["0.8524229","0.14757709","134.0","0.593672","0.6769231","0.73584586","0.2641541","0.13157569","0.9385114","0.36273363"]]},"status":null,"start_time":1592619450341,"end_time":1592619459269,"run_time":8928,"default_threshold":0.5,"help":{"validation_metrics":"Validation data model metrics", "cross_validation_metrics_summary":"Cross-validation model metrics summary", "start_time":"Start time in milliseconds", "run_time":"Runtime in milliseconds", "status":"Job status", "domains":"Domains for categorical columns", "model_category":"Category of the model (e.g., Binomial)", "default_threshold":"Default threshold used for predictions", "__meta":"Metadata on this schema instance, to make it self-describing.", "variable_importances":"Variable Importances", "model_summary":"Model summary", "scoring_history":"Scoring history", "help":"Help information for output fields", "end_time":"End time in milliseconds", "names":"Column names", "column_types":"Column types", "original_names":"Original column names", "cross_validation_fold_assignment_frame_id":"Cross-validation fold assignment (each row is assigned to one holdout fold)", "training_metrics":"Training data model metrics", "cross_validation_models":"Cross-validation models (model ids)", "cross_validation_metrics":"Cross-validation model metrics", "cross_validation_predictions":"Cross-validation predictions, one per cv model (deprecated, use cross_validation_holdout_predictions_frame_id instead)", "init_f":"The Intercept term, the initial model function value to which trees make adjustments", "cross_validation_holdout_predictions_frame_id":"Cross-validation holdout predictions (full out-of-sample predictions on training data)"},"variable_importances":{"__meta":{"schema_version":3,"schema_name":"TwoDimTableV3","schema_type":"TwoDimTable"},"name":"Variable Importances","description":"","columns":[{"__meta":{"schema_version":-1,"schema_name":"ColumnSpecsBase","schema_type":"Iced"},"name":"variable","type":"string","format":"%s","description":"Variable"},{"__meta":{"schema_version":-1,"schema_name":"ColumnSpecsBase","schema_type":"Iced"},"name":"relative_importance","type":"double","format":"%5f","description":"Relative Importance"},{"__meta":{"schema_version":-1,"schema_name":"ColumnSpecsBase","schema_type":"Iced"},"name":"scaled_importance","type":"double","format":"%5f","description":"Scaled Importance"},{"__meta":{"schema_version":-1,"schema_name":"ColumnSpecsBase","schema_type":"Iced"},"name":"percentage","type":"double","format":"%5f","description":"Percentage"}],"rowcount":7,"data":[["Target Heading","Target Velocity","Target Pos Y","Target Pos X","Distance","Hit","Power"],[125459.7265625,104297.765625,91578.109375,85017.6171875,43998.38671875,27394.1640625,5066.44482421875],[1.0,0.8313246687417433,0.7299402914717715,0.6776486727407856,0.35069729485526513,0.21835026118005374,0.04038303735418083],[0.25985201457668744,0.21602138993983933,0.18967645525963422,0.1760883727869115,0.0911293985747352,0.05673875525098283,0.010493613611209509]]},"init_f":0.0},"compatible_frames":null}
