{"__meta":{"schema_version":3,"schema_name":"DRFModelV3","schema_type":"DRFModel"},"model_id":{"__meta":{"schema_version":3,"schema_name":"ModelKeyV3","schema_type":"Key<Model>"},"name":"drf-100-50-battle_results","type":"Key<Model>","URL":"/3/Models/drf-100-50-battle_results"},"algo":"drf","algo_full_name":"Distributed Random Forest","response_column_name":"Target Name","data_frame":{"__meta":{"schema_version":3,"schema_name":"FrameKeyV3","schema_type":"Key<Frame>"},"name":"train.hex","type":"Key<Frame>","URL":"/3/Frames/train.hex"},"timestamp":1592620657605,"have_pojo":true,"have_mojo":true,"algo":"drf","algo_full_name":"Distributed Random Forest","model_id":{"__meta":{"schema_version":3,"schema_name":"ModelKeyV3","schema_type":"Key<Model>"},"name":"drf-100-50-battle_results","type":"Key<Model>","URL":"/3/Models/drf-100-50-battle_results"},"parameters":[{"__meta":{"schema_version":3,"schema_name":"ModelParameterSchemaV3","schema_type":"Iced"},"name":"model_id","label":"model_id","help":"Destination id for this model; auto-generated if not specified.","required":false,"type":"Key<Model>","default_value":null,"actual_value":{"__meta":{"schema_version":3,"schema_name":"ModelKeyV3","schema_type":"Key<Model>"},"name":"drf-100-50-battle_results","type":"Key<Model>","URL":"/3/Models/drf-100-50-battle_results"},"level":"critical","values":[],"is_member_of_frames":[],"is_mutually_exclusive_with":[],"gridable":false},{"__meta":{"schema_version":3,"schema_name":"ModelParameterSchemaV3","schema_type":"Iced"},"name":"training_frame","label":"training_frame","help":"Id of the training data frame.","required":false,"type":"Key<Frame>","default_value":null,"actual_value":{"__meta":{"schema_version":3,"schema_name":"FrameKeyV3","schema_type":"Key<Frame>"},"name":"train.hex","type":"Key<Frame>","URL":"/3/Frames/train.hex"},"level":"critical","values":[],"is_member_of_frames":[],"is_mutually_exclusive_with":[],"gridable":false},{"__meta":{"schema_version":3,"schema_name":"ModelParameterSchemaV3","schema_type":"Iced"},"name":"validation_frame","label":"validation_frame","help":"Id of the validation data frame.","required":false,"type":"Key<Frame>","default_value":null,"actual_value":{"__meta":{"schema_version":3,"schema_name":"FrameKeyV3","schema_type":"Key<Frame>"},"name":"test.hex","type":"Key<Frame>","URL":"/3/Frames/test.hex"},"level":"critical","values":[],"is_member_of_frames":[],"is_mutually_exclusive_with":[],"gridable":true},{"__meta":{"schema_version":3,"schema_name":"ModelParameterSchemaV3","schema_type":"Iced"},"name":"nfolds","label":"nfolds","help":"Number of folds for K-fold cross-validation (0 to disable or >= 2).","required":false,"type":"int","default_value":0,"actual_value":0,"level":"critical","values":[],"is_member_of_frames":[],"is_mutually_exclusive_with":[],"gridable":false},{"__meta":{"schema_version":3,"schema_name":"ModelParameterSchemaV3","schema_type":"Iced"},"name":"keep_cross_validation_models","label":"keep_cross_validation_models","help":"Whether to keep the cross-validation models.","required":false,"type":"boolean","default_value":true,"actual_value":true,"level":"expert","values":[],"is_member_of_frames":[],"is_mutually_exclusive_with":[],"gridable":false},{"__meta":{"schema_version":3,"schema_name":"ModelParameterSchemaV3","schema_type":"Iced"},"name":"keep_cross_validation_predictions","label":"keep_cross_validation_predictions","help":"Whether to keep the predictions of the cross-validation models.","required":false,"type":"boolean","default_value":false,"actual_value":false,"level":"expert","values":[],"is_member_of_frames":[],"is_mutually_exclusive_with":[],"gridable":false},{"__meta":{"schema_version":3,"schema_name":"ModelParameterSchemaV3","schema_type":"Iced"},"name":"keep_cross_validation_fold_assignment","label":"keep_cross_validation_fold_assignment","help":"Whether to keep the cross-validation fold assignment.","required":false,"type":"boolean","default_value":false,"actual_value":false,"level":"expert","values":[],"is_member_of_frames":[],"is_mutually_exclusive_with":[],"gridable":false},{"__meta":{"schema_version":3,"schema_name":"ModelParameterSchemaV3","schema_type":"Iced"},"name":"score_each_iteration","label":"score_each_iteration","help":"Whether to score during each iteration of model training.","required":false,"type":"boolean","default_value":false,"actual_value":true,"level":"secondary","values":[],"is_member_of_frames":[],"is_mutually_exclusive_with":[],"gridable":false},{"__meta":{"schema_version":3,"schema_name":"ModelParameterSchemaV3","schema_type":"Iced"},"name":"score_tree_interval","label":"score_tree_interval","help":"Score the model after every so many trees. Disabled if set to 0.","required":false,"type":"int","default_value":0,"actual_value":0,"level":"secondary","values":[],"is_member_of_frames":[],"is_mutually_exclusive_with":[],"gridable":false},{"__meta":{"schema_version":3,"schema_name":"ModelParameterSchemaV3","schema_type":"Iced"},"name":"fold_assignment","label":"fold_assignment","help":"Cross-validation fold assignment scheme, if fold_column is not specified. The 'Stratified' option will stratify the folds based on the response variable, for classification problems.","required":false,"type":"enum","default_value":"AUTO","actual_value":"AUTO","level":"secondary","values":["AUTO","Random","Modulo","Stratified"],"is_member_of_frames":[],"is_mutually_exclusive_with":[],"gridable":true},{"__meta":{"schema_version":3,"schema_name":"ModelParameterSchemaV3","schema_type":"Iced"},"name":"fold_column","label":"fold_column","help":"Column with cross-validation fold index assignment per observation.","required":false,"type":"VecSpecifier","default_value":null,"actual_value":null,"level":"secondary","values":[],"is_member_of_frames":["training_frame"],"is_mutually_exclusive_with":["response_column","weights_column","ignored_columns","offset_column"],"gridable":true},{"__meta":{"schema_version":3,"schema_name":"ModelParameterSchemaV3","schema_type":"Iced"},"name":"response_column","label":"response_column","help":"Response variable column.","required":false,"type":"VecSpecifier","default_value":null,"actual_value":{"__meta":{"schema_version":3,"schema_name":"ColSpecifierV3","schema_type":"VecSpecifier"},"column_name":"Target Name","is_member_of_frames":null},"level":"critical","values":[],"is_member_of_frames":["training_frame","validation_frame"],"is_mutually_exclusive_with":["weights_column","ignored_columns","offset_column","fold_column"],"gridable":true},{"__meta":{"schema_version":3,"schema_name":"ModelParameterSchemaV3","schema_type":"Iced"},"name":"ignored_columns","label":"ignored_columns","help":"Names of columns to ignore for training.","required":false,"type":"string[]","default_value":null,"actual_value":null,"level":"critical","values":[],"is_member_of_frames":["training_frame","validation_frame"],"is_mutually_exclusive_with":["response_column","weights_column","offset_column","fold_column"],"gridable":false},{"__meta":{"schema_version":3,"schema_name":"ModelParameterSchemaV3","schema_type":"Iced"},"name":"ignore_const_cols","label":"ignore_const_cols","help":"Ignore constant columns.","required":false,"type":"boolean","default_value":true,"actual_value":true,"level":"critical","values":[],"is_member_of_frames":[],"is_mutually_exclusive_with":[],"gridable":false},{"__meta":{"schema_version":3,"schema_name":"ModelParameterSchemaV3","schema_type":"Iced"},"name":"offset_column","label":"offset_column","help":"Offset column. This will be added to the combination of columns before applying the link function.","required":false,"type":"VecSpecifier","default_value":null,"actual_value":null,"level":"secondary","values":[],"is_member_of_frames":["training_frame","validation_frame"],"is_mutually_exclusive_with":["response_column","weights_column","ignored_columns","fold_column"],"gridable":true},{"__meta":{"schema_version":3,"schema_name":"ModelParameterSchemaV3","schema_type":"Iced"},"name":"weights_column","label":"weights_column","help":"Column with observation weights. Giving some observation a weight of zero is equivalent to excluding it from the dataset; giving an observation a relative weight of 2 is equivalent to repeating that row twice. Negative weights are not allowed. Note: Weights are per-row observation weights and do not increase the size of the data frame. This is typically the number of times a row is repeated, but non-integer values are supported as well. During training, rows with higher weights matter more, due to the larger loss function pre-factor.","required":false,"type":"VecSpecifier","default_value":null,"actual_value":null,"level":"secondary","values":[],"is_member_of_frames":["training_frame","validation_frame"],"is_mutually_exclusive_with":["response_column","ignored_columns","offset_column","fold_column"],"gridable":true},{"__meta":{"schema_version":3,"schema_name":"ModelParameterSchemaV3","schema_type":"Iced"},"name":"balance_classes","label":"balance_classes","help":"Balance training data class counts via over/under-sampling (for imbalanced data).","required":false,"type":"boolean","default_value":false,"actual_value":true,"level":"secondary","values":[],"is_member_of_frames":[],"is_mutually_exclusive_with":[],"gridable":true},{"__meta":{"schema_version":3,"schema_name":"ModelParameterSchemaV3","schema_type":"Iced"},"name":"class_sampling_factors","label":"class_sampling_factors","help":"Desired over/under-sampling ratios per class (in lexicographic order). If not specified, sampling factors will be automatically computed to obtain class balance during training. Requires balance_classes.","required":false,"type":"float[]","default_value":null,"actual_value":null,"level":"expert","values":[],"is_member_of_frames":[],"is_mutually_exclusive_with":[],"gridable":true},{"__meta":{"schema_version":3,"schema_name":"ModelParameterSchemaV3","schema_type":"Iced"},"name":"max_after_balance_size","label":"max_after_balance_size","help":"Maximum relative size of the training data after balancing class counts (can be less than 1.0). Requires balance_classes.","required":false,"type":"float","default_value":5.0,"actual_value":5.0,"level":"expert","values":[],"is_member_of_frames":[],"is_mutually_exclusive_with":[],"gridable":true},{"__meta":{"schema_version":3,"schema_name":"ModelParameterSchemaV3","schema_type":"Iced"},"name":"max_confusion_matrix_size","label":"max_confusion_matrix_size","help":"[Deprecated] Maximum size (# classes) for confusion matrices to be printed in the Logs","required":false,"type":"int","default_value":20,"actual_value":20,"level":"secondary","values":[],"is_member_of_frames":[],"is_mutually_exclusive_with":[],"gridable":false},{"__meta":{"schema_version":3,"schema_name":"ModelParameterSchemaV3","schema_type":"Iced"},"name":"max_hit_ratio_k","label":"max_hit_ratio_k","help":"Max. number (top K) of predictions to use for hit ratio computation (for multi-class only, 0 to disable)","required":false,"type":"int","default_value":0,"actual_value":0,"level":"secondary","values":[],"is_member_of_frames":[],"is_mutually_exclusive_with":[],"gridable":false},{"__meta":{"schema_version":3,"schema_name":"ModelParameterSchemaV3","schema_type":"Iced"},"name":"ntrees","label":"ntrees","help":"Number of trees.","required":false,"type":"int","default_value":50,"actual_value":100,"level":"critical","values":[],"is_member_of_frames":[],"is_mutually_exclusive_with":[],"gridable":true},{"__meta":{"schema_version":3,"schema_name":"ModelParameterSchemaV3","schema_type":"Iced"},"name":"max_depth","label":"max_depth","help":"Maximum tree depth.","required":false,"type":"int","default_value":20,"actual_value":50,"level":"critical","values":[],"is_member_of_frames":[],"is_mutually_exclusive_with":[],"gridable":true},{"__meta":{"schema_version":3,"schema_name":"ModelParameterSchemaV3","schema_type":"Iced"},"name":"min_rows","label":"min_rows","help":"Fewest allowed (weighted) observations in a leaf.","required":false,"type":"double","default_value":1.0,"actual_value":1.0,"level":"critical","values":[],"is_member_of_frames":[],"is_mutually_exclusive_with":[],"gridable":true},{"__meta":{"schema_version":3,"schema_name":"ModelParameterSchemaV3","schema_type":"Iced"},"name":"nbins","label":"nbins","help":"For numerical columns (real/int), build a histogram of (at least) this many bins, then split at the best point","required":false,"type":"int","default_value":20,"actual_value":20,"level":"critical","values":[],"is_member_of_frames":[],"is_mutually_exclusive_with":[],"gridable":true},{"__meta":{"schema_version":3,"schema_name":"ModelParameterSchemaV3","schema_type":"Iced"},"name":"nbins_top_level","label":"nbins_top_level","help":"For numerical columns (real/int), build a histogram of (at most) this many bins at the root level, then decrease by factor of two per level","required":false,"type":"int","default_value":1024,"actual_value":1024,"level":"secondary","values":[],"is_member_of_frames":[],"is_mutually_exclusive_with":[],"gridable":true},{"__meta":{"schema_version":3,"schema_name":"ModelParameterSchemaV3","schema_type":"Iced"},"name":"nbins_cats","label":"nbins_cats","help":"For categorical columns (factors), build a histogram of this many bins, then split at the best point. Higher values can lead to more overfitting.","required":false,"type":"int","default_value":1024,"actual_value":1024,"level":"secondary","values":[],"is_member_of_frames":[],"is_mutually_exclusive_with":[],"gridable":true},{"__meta":{"schema_version":3,"schema_name":"ModelParameterSchemaV3","schema_type":"Iced"},"name":"r2_stopping","label":"r2_stopping","help":"r2_stopping is no longer supported and will be ignored if set - please use stopping_rounds, stopping_metric and stopping_tolerance instead. Previous version of H2O would stop making trees when the R^2 metric equals or exceeds this","required":false,"type":"double","default_value":1.7976931348623157E308,"actual_value":1.7976931348623157E308,"level":"secondary","values":[],"is_member_of_frames":[],"is_mutually_exclusive_with":[],"gridable":true},{"__meta":{"schema_version":3,"schema_name":"ModelParameterSchemaV3","schema_type":"Iced"},"name":"stopping_rounds","label":"stopping_rounds","help":"Early stopping based on convergence of stopping_metric. Stop if simple moving average of length k of the stopping_metric does not improve for k:=stopping_rounds scoring events (0 to disable)","required":false,"type":"int","default_value":0,"actual_value":0,"level":"secondary","values":[],"is_member_of_frames":[],"is_mutually_exclusive_with":[],"gridable":true},{"__meta":{"schema_version":3,"schema_name":"ModelParameterSchemaV3","schema_type":"Iced"},"name":"stopping_metric","label":"stopping_metric","help":"Metric to use for early stopping (AUTO: logloss for classification, deviance for regression and anonomaly_score for Isolation Forest). Note that custom and custom_increasing can only be used in GBM and DRF with the Python client.","required":false,"type":"enum","default_value":"AUTO","actual_value":"AUTO","level":"secondary","values":["AUTO","deviance","logloss","MSE","RMSE","MAE","RMSLE","AUC","AUCPR","lift_top_group","misclassification","mean_per_class_error","anomaly_score","custom","custom_increasing"],"is_member_of_frames":[],"is_mutually_exclusive_with":[],"gridable":true},{"__meta":{"schema_version":3,"schema_name":"ModelParameterSchemaV3","schema_type":"Iced"},"name":"stopping_tolerance","label":"stopping_tolerance","help":"Relative tolerance for metric-based stopping criterion (stop if relative improvement is not at least this much)","required":false,"type":"double","default_value":0.001,"actual_value":0.001,"level":"secondary","values":[],"is_member_of_frames":[],"is_mutually_exclusive_with":[],"gridable":true},{"__meta":{"schema_version":3,"schema_name":"ModelParameterSchemaV3","schema_type":"Iced"},"name":"max_runtime_secs","label":"max_runtime_secs","help":"Maximum allowed runtime in seconds for model training. Use 0 to disable.","required":false,"type":"double","default_value":0.0,"actual_value":0.0,"level":"secondary","values":[],"is_member_of_frames":[],"is_mutually_exclusive_with":[],"gridable":true},{"__meta":{"schema_version":3,"schema_name":"ModelParameterSchemaV3","schema_type":"Iced"},"name":"seed","label":"seed","help":"Seed for pseudo random number generator (if applicable)","required":false,"type":"long","default_value":-1,"actual_value":-6568712940200678543,"level":"critical","values":[],"is_member_of_frames":[],"is_mutually_exclusive_with":[],"gridable":true},{"__meta":{"schema_version":3,"schema_name":"ModelParameterSchemaV3","schema_type":"Iced"},"name":"build_tree_one_node","label":"build_tree_one_node","help":"Run on one node only; no network overhead but fewer cpus used. Suitable for small datasets.","required":false,"type":"boolean","default_value":false,"actual_value":false,"level":"expert","values":[],"is_member_of_frames":[],"is_mutually_exclusive_with":[],"gridable":false},{"__meta":{"schema_version":3,"schema_name":"ModelParameterSchemaV3","schema_type":"Iced"},"name":"mtries","label":"mtries","help":"Number of variables randomly sampled as candidates at each split. If set to -1, defaults to sqrt{p} for classification and p/3 for regression (where p is the # of predictors","required":false,"type":"int","default_value":-1,"actual_value":-1,"level":"critical","values":[],"is_member_of_frames":[],"is_mutually_exclusive_with":[],"gridable":true},{"__meta":{"schema_version":3,"schema_name":"ModelParameterSchemaV3","schema_type":"Iced"},"name":"sample_rate","label":"sample_rate","help":"Row sample rate per tree (from 0.0 to 1.0)","required":false,"type":"double","default_value":0.632,"actual_value":0.632,"level":"critical","values":[],"is_member_of_frames":[],"is_mutually_exclusive_with":[],"gridable":true},{"__meta":{"schema_version":3,"schema_name":"ModelParameterSchemaV3","schema_type":"Iced"},"name":"sample_rate_per_class","label":"sample_rate_per_class","help":"A list of row sample rates per class (relative fraction for each class, from 0.0 to 1.0), for each tree","required":false,"type":"double[]","default_value":null,"actual_value":null,"level":"expert","values":[],"is_member_of_frames":[],"is_mutually_exclusive_with":[],"gridable":true},{"__meta":{"schema_version":3,"schema_name":"ModelParameterSchemaV3","schema_type":"Iced"},"name":"binomial_double_trees","label":"binomial_double_trees","help":"For binary classification: Build 2x as many trees (one per class) - can lead to higher accuracy.","required":false,"type":"boolean","default_value":false,"actual_value":false,"level":"expert","values":[],"is_member_of_frames":[],"is_mutually_exclusive_with":[],"gridable":false},{"__meta":{"schema_version":3,"schema_name":"ModelParameterSchemaV3","schema_type":"Iced"},"name":"checkpoint","label":"checkpoint","help":"Model checkpoint to resume training with.","required":false,"type":"Key<Model>","default_value":null,"actual_value":null,"level":"secondary","values":[],"is_member_of_frames":[],"is_mutually_exclusive_with":[],"gridable":false},{"__meta":{"schema_version":3,"schema_name":"ModelParameterSchemaV3","schema_type":"Iced"},"name":"col_sample_rate_change_per_level","label":"col_sample_rate_change_per_level","help":"Relative change of the column sampling rate for every level (must be > 0.0 and <= 2.0)","required":false,"type":"double","default_value":1.0,"actual_value":1.0,"level":"expert","values":[],"is_member_of_frames":[],"is_mutually_exclusive_with":[],"gridable":true},{"__meta":{"schema_version":3,"schema_name":"ModelParameterSchemaV3","schema_type":"Iced"},"name":"col_sample_rate_per_tree","label":"col_sample_rate_per_tree","help":"Column sample rate per tree (from 0.0 to 1.0)","required":false,"type":"double","default_value":1.0,"actual_value":1.0,"level":"secondary","values":[],"is_member_of_frames":[],"is_mutually_exclusive_with":[],"gridable":true},{"__meta":{"schema_version":3,"schema_name":"ModelParameterSchemaV3","schema_type":"Iced"},"name":"min_split_improvement","label":"min_split_improvement","help":"Minimum relative improvement in squared error reduction for a split to happen","required":false,"type":"double","default_value":1.0E-5,"actual_value":1.0E-5,"level":"secondary","values":[],"is_member_of_frames":[],"is_mutually_exclusive_with":[],"gridable":true},{"__meta":{"schema_version":3,"schema_name":"ModelParameterSchemaV3","schema_type":"Iced"},"name":"histogram_type","label":"histogram_type","help":"What type of histogram to use for finding optimal split points","required":false,"type":"enum","default_value":"AUTO","actual_value":"AUTO","level":"secondary","values":["AUTO","UniformAdaptive","Random","QuantilesGlobal","RoundRobin"],"is_member_of_frames":[],"is_mutually_exclusive_with":[],"gridable":true},{"__meta":{"schema_version":3,"schema_name":"ModelParameterSchemaV3","schema_type":"Iced"},"name":"categorical_encoding","label":"categorical_encoding","help":"Encoding scheme for categorical features","required":false,"type":"enum","default_value":"AUTO","actual_value":"AUTO","level":"secondary","values":["AUTO","Enum","OneHotInternal","OneHotExplicit","Binary","Eigen","LabelEncoder","SortByResponse","EnumLimited"],"is_member_of_frames":[],"is_mutually_exclusive_with":[],"gridable":true},{"__meta":{"schema_version":3,"schema_name":"ModelParameterSchemaV3","schema_type":"Iced"},"name":"calibrate_model","label":"calibrate_model","help":"Use Platt Scaling to calculate calibrated class probabilities. Calibration can provide more accurate estimates of class probabilities.","required":false,"type":"boolean","default_value":false,"actual_value":false,"level":"expert","values":[],"is_member_of_frames":[],"is_mutually_exclusive_with":[],"gridable":false},{"__meta":{"schema_version":3,"schema_name":"ModelParameterSchemaV3","schema_type":"Iced"},"name":"calibration_frame","label":"calibration_frame","help":"Calibration frame for Platt Scaling","required":false,"type":"Key<Frame>","default_value":null,"actual_value":null,"level":"expert","values":[],"is_member_of_frames":[],"is_mutually_exclusive_with":[],"gridable":false},{"__meta":{"schema_version":3,"schema_name":"ModelParameterSchemaV3","schema_type":"Iced"},"name":"distribution","label":"distribution","help":"Distribution function","required":false,"type":"enum","default_value":"AUTO","actual_value":"multinomial","level":"secondary","values":["AUTO","bernoulli","quasibinomial","ordinal","multinomial","gaussian","poisson","gamma","tweedie","laplace","quantile","huber","custom"],"is_member_of_frames":[],"is_mutually_exclusive_with":[],"gridable":true},{"__meta":{"schema_version":3,"schema_name":"ModelParameterSchemaV3","schema_type":"Iced"},"name":"custom_metric_func","label":"custom_metric_func","help":"Reference to custom evaluation function, format: `language:keyName=funcName`","required":false,"type":"string","default_value":null,"actual_value":null,"level":"secondary","values":[],"is_member_of_frames":[],"is_mutually_exclusive_with":[],"gridable":false},{"__meta":{"schema_version":3,"schema_name":"ModelParameterSchemaV3","schema_type":"Iced"},"name":"export_checkpoints_dir","label":"export_checkpoints_dir","help":"Automatically export generated models to this directory.","required":false,"type":"string","default_value":null,"actual_value":null,"level":"secondary","values":[],"is_member_of_frames":[],"is_mutually_exclusive_with":[],"gridable":false},{"__meta":{"schema_version":3,"schema_name":"ModelParameterSchemaV3","schema_type":"Iced"},"name":"check_constant_response","label":"check_constant_response","help":"Check if response column is constant. If enabled, then an exception is thrown if the response column is a constant value.If disabled, then model will train regardless of the response column being a constant value or not.","required":false,"type":"boolean","default_value":true,"actual_value":true,"level":"expert","values":[],"is_member_of_frames":[],"is_mutually_exclusive_with":[],"gridable":false}],"output":{"__meta":{"schema_version":3,"schema_name":"DRFModelOutputV3","schema_type":"DRFOutput"},"names":["Target Pos X","Target Pos Y","Target Heading","Target Velocity","Power","Distance","Hit","Target Name"],"original_names":null,"column_types":["Numeric","Numeric","Numeric","Numeric","Numeric","Numeric","Numeric","Enum"],"domains":[null,null,null,null,null,null,null,["sample.Corners","sample.Crazy","sample.Fire","sample.SittingDuck","sample.Walls"]],"cross_validation_models":null,"cross_validation_predictions":null,"cross_validation_holdout_predictions_frame_id":null,"cross_validation_fold_assignment_frame_id":null,"model_category":"Multinomial","model_summary":{"__meta":{"schema_version":3,"schema_name":"TwoDimTableV3","schema_type":"TwoDimTable"},"name":"Model Summary","description":"","columns":[{"__meta":{"schema_version":-1,"schema_name":"ColumnSpecsBase","schema_type":"Iced"},"name":"","type":"string","format":"%s","description":""},{"__meta":{"schema_version":-1,"schema_name":"ColumnSpecsBase","schema_type":"Iced"},"name":"number_of_trees","type":"long","format":"%d","description":"Number of Trees"},{"__meta":{"schema_version":-1,"schema_name":"ColumnSpecsBase","schema_type":"Iced"},"name":"number_of_internal_trees","type":"long","format":"%d","description":"Number of Internal Trees"},{"__meta":{"schema_version":-1,"schema_name":"ColumnSpecsBase","schema_type":"Iced"},"name":"model_size_in_bytes","type":"long","format":"%d","description":"Model Size in Bytes"},{"__meta":{"schema_version":-1,"schema_name":"ColumnSpecsBase","schema_type":"Iced"},"name":"min_depth","type":"long","format":"%d","description":"Min. Depth"},{"__meta":{"schema_version":-1,"schema_name":"ColumnSpecsBase","schema_type":"Iced"},"name":"max_depth","type":"long","format":"%d","description":"Max. Depth"},{"__meta":{"schema_version":-1,"schema_name":"ColumnSpecsBase","schema_type":"Iced"},"name":"mean_depth","type":"double","format":"%.5f","description":"Mean Depth"},{"__meta":{"schema_version":-1,"schema_name":"ColumnSpecsBase","schema_type":"Iced"},"name":"min_leaves","type":"long","format":"%d","description":"Min. Leaves"},{"__meta":{"schema_version":-1,"schema_name":"ColumnSpecsBase","schema_type":"Iced"},"name":"max_leaves","type":"long","format":"%d","description":"Max. Leaves"},{"__meta":{"schema_version":-1,"schema_name":"ColumnSpecsBase","schema_type":"Iced"},"name":"mean_leaves","type":"double","format":"%.5f","description":"Mean Leaves"}],"rowcount":1,"data":[[""],[100],[500],[4665709],[18],[38],[26.114],[452],[1113],[739.006]]},"scoring_history":{"__meta":{"schema_version":3,"schema_name":"TwoDimTableV3","schema_type":"TwoDimTable"},"name":"Scoring History","description":"","columns":[{"__meta":{"schema_version":-1,"schema_name":"ColumnSpecsBase","schema_type":"Iced"},"name":"","type":"string","format":"%s","description":""},{"__meta":{"schema_version":-1,"schema_name":"ColumnSpecsBase","schema_type":"Iced"},"name":"timestamp","type":"string","format":"%s","description":"Timestamp"},{"__meta":{"schema_version":-1,"schema_name":"ColumnSpecsBase","schema_type":"Iced"},"name":"duration","type":"string","format":"%s","description":"Duration"},{"__meta":{"schema_version":-1,"schema_name":"ColumnSpecsBase","schema_type":"Iced"},"name":"number_of_trees","type":"long","format":"%d","description":"Number of Trees"},{"__meta":{"schema_version":-1,"schema_name":"ColumnSpecsBase","schema_type":"Iced"},"name":"training_rmse","type":"double","format":"%.5f","description":"Training RMSE"},{"__meta":{"schema_version":-1,"schema_name":"ColumnSpecsBase","schema_type":"Iced"},"name":"training_logloss","type":"double","format":"%.5f","description":"Training LogLoss"},{"__meta":{"schema_version":-1,"schema_name":"ColumnSpecsBase","schema_type":"Iced"},"name":"training_classification_error","type":"double","format":"%.5f","description":"Training Classification Error"},{"__meta":{"schema_version":-1,"schema_name":"ColumnSpecsBase","schema_type":"Iced"},"name":"validation_rmse","type":"double","format":"%.5f","description":"Validation RMSE"},{"__meta":{"schema_version":-1,"schema_name":"ColumnSpecsBase","schema_type":"Iced"},"name":"validation_logloss","type":"double","format":"%.5f","description":"Validation LogLoss"},{"__meta":{"schema_version":-1,"schema_name":"ColumnSpecsBase","schema_type":"Iced"},"name":"validation_classification_error","type":"double","format":"%.5f","description":"Validation Classification Error"}],"rowcount":101,"data":[["","","","","","","","","","","","","","","","","","","","","","","","","","","","","","","","","","","","","","","","","","","","","","","","","","","","","","","","","","","","","","","","","","","","","","","","","","","","","","","","","","","","","","","","","","","","","","","","","","","","",""],["2020-06-20 03:37:08","2020-06-20 03:37:09","2020-06-20 03:37:09","2020-06-20 03:37:09","2020-06-20 03:37:09","2020-06-20 03:37:09","2020-06-20 03:37:09","2020-06-20 03:37:10","2020-06-20 03:37:10","2020-06-20 03:37:10","2020-06-20 03:37:10","2020-06-20 03:37:10","2020-06-20 03:37:10","2020-06-20 03:37:11","2020-06-20 03:37:11","2020-06-20 03:37:11","2020-06-20 03:37:11","2020-06-20 03:37:11","2020-06-20 03:37:12","2020-06-20 03:37:12","2020-06-20 03:37:12","2020-06-20 03:37:12","2020-06-20 03:37:12","2020-06-20 03:37:13","2020-06-20 03:37:13","2020-06-20 03:37:13","2020-06-20 03:37:13","2020-06-20 03:37:14","2020-06-20 03:37:14","2020-06-20 03:37:14","2020-06-20 03:37:15","2020-06-20 03:37:15","2020-06-20 03:37:16","2020-06-20 03:37:16","2020-06-20 03:37:16","2020-06-20 03:37:16","2020-06-20 03:37:17","2020-06-20 03:37:17","2020-06-20 03:37:17","2020-06-20 03:37:17","2020-06-20 03:37:18","2020-06-20 03:37:18","2020-06-20 03:37:18","2020-06-20 03:37:18","2020-06-20 03:37:19","2020-06-20 03:37:19","2020-06-20 03:37:19","2020-06-20 03:37:20","2020-06-20 03:37:20","2020-06-20 03:37:20","2020-06-20 03:37:20","2020-06-20 03:37:21","2020-06-20 03:37:21","2020-06-20 03:37:21","2020-06-20 03:37:21","2020-06-20 03:37:22","2020-06-20 03:37:22","2020-06-20 03:37:22","2020-06-20 03:37:23","2020-06-20 03:37:23","2020-06-20 03:37:23","2020-06-20 03:37:24","2020-06-20 03:37:24","2020-06-20 03:37:24","2020-06-20 03:37:25","2020-06-20 03:37:25","2020-06-20 03:37:25","2020-06-20 03:37:25","2020-06-20 03:37:26","2020-06-20 03:37:26","2020-06-20 03:37:26","2020-06-20 03:37:27","2020-06-20 03:37:27","2020-06-20 03:37:27","2020-06-20 03:37:28","2020-06-20 03:37:28","2020-06-20 03:37:28","2020-06-20 03:37:28","2020-06-20 03:37:29","2020-06-20 03:37:29","2020-06-20 03:37:29","2020-06-20 03:37:30","2020-06-20 03:37:30","2020-06-20 03:37:31","2020-06-20 03:37:31","2020-06-20 03:37:31","2020-06-20 03:37:32","2020-06-20 03:37:32","2020-06-20 03:37:32","2020-06-20 03:37:33","2020-06-20 03:37:33","2020-06-20 03:37:33","2020-06-20 03:37:34","2020-06-20 03:37:34","2020-06-20 03:37:35","2020-06-20 03:37:35","2020-06-20 03:37:35","2020-06-20 03:37:36","2020-06-20 03:37:36","2020-06-20 03:37:36","2020-06-20 03:37:37"],[" 0.007 sec"," 0.188 sec"," 0.347 sec"," 0.501 sec"," 0.644 sec"," 0.809 sec"," 1.008 sec"," 1.168 sec"," 1.324 sec"," 1.474 sec"," 1.632 sec"," 1.791 sec"," 1.987 sec"," 2.151 sec"," 2.359 sec"," 2.569 sec"," 2.782 sec"," 2.994 sec"," 3.229 sec"," 3.417 sec"," 3.606 sec"," 3.820 sec"," 4.040 sec"," 4.254 sec"," 4.450 sec"," 4.657 sec"," 4.889 sec"," 5.351 sec"," 5.600 sec"," 5.833 sec"," 6.248 sec"," 6.759 sec"," 7.137 sec"," 7.519 sec"," 7.799 sec"," 8.032 sec"," 8.301 sec"," 8.549 sec"," 8.818 sec"," 9.030 sec"," 9.259 sec"," 9.506 sec"," 9.766 sec","10.021 sec","10.267 sec","10.566 sec","10.851 sec","11.113 sec","11.345 sec","11.636 sec","11.947 sec","12.225 sec","12.484 sec","12.733 sec","12.989 sec","13.258 sec","13.591 sec","13.971 sec","14.359 sec","14.652 sec","14.959 sec","15.248 sec","15.566 sec","15.831 sec","16.116 sec","16.438 sec","16.765 sec","17.056 sec","17.348 sec","17.642 sec","17.946 sec","18.241 sec","18.529 sec","18.822 sec","19.153 sec","19.444 sec","19.775 sec","20.087 sec","20.408 sec","20.706 sec","21.067 sec","21.455 sec","21.766 sec","22.113 sec","22.459 sec","22.766 sec","23.121 sec","23.494 sec","23.837 sec","24.187 sec","24.570 sec","24.974 sec","25.356 sec","25.753 sec","26.118 sec","26.463 sec","26.881 sec","27.250 sec","27.637 sec","28.037 sec","28.453 sec"],[0,1,2,3,4,5,6,7,8,9,10,11,12,13,14,15,16,17,18,19,20,21,22,23,24,25,26,27,28,29,30,31,32,33,34,35,36,37,38,39,40,41,42,43,44,45,46,47,48,49,50,51,52,53,54,55,56,57,58,59,60,61,62,63,64,65,66,67,68,69,70,71,72,73,74,75,76,77,78,79,80,81,82,83,84,85,86,87,88,89,90,91,92,93,94,95,96,97,98,99,100],["NaN",0.24129404055042786,0.23948778584002461,0.22325551282669462,0.21296883074080122,0.19965303157364833,0.1881297041214487,0.1830091338226134,0.17463912852939237,0.16996216949182982,0.16722376409684592,0.16423453104443408,0.1605934598522554,0.1584672366954388,0.15549181129174233,0.15360652123215024,0.15176174614706564,0.14958521681757556,0.1471117091773694,0.14603260429173853,0.14539804325260006,0.1437722489776095,0.14263976627219324,0.14119604515128603,0.14120608539265259,0.14077227059909045,0.1402585506171467,0.14007046599236583,0.13943887477315678,0.13895423122576905,0.138087727186593,0.1372737389068272,0.1369417930088356,0.13625370962757302,0.1360041921633532,0.13551765024793794,0.13557533375298486,0.1349335749064625,0.13473318973997625,0.1345662838280179,0.13447191781409307,0.1340448599822819,0.13342627559812412,0.1327830314998796,0.13243763651408097,0.1321828841887771,0.13203190465300313,0.1318977036260429,0.13167671733071046,0.13152614154623835,0.13150991758903674,0.13146053206809194,0.1312730483383106,0.13073372336684072,0.13045899126694602,0.1304985018042212,0.13033419723595754,0.13011769156734565,0.13003224473091637,0.12981333138877105,0.12983091620888138,0.1295636766066588,0.12968716740689523,0.12947138078291648,0.12923371245571033,0.1290456532736754,0.12883099918368518,0.12876518395500902,0.12851093843391775,0.12823373182136774,0.1279407648744757,0.1278510045881078,0.12756215538006788,0.12728072966734175,0.12732198230674974,0.1271503417025196,0.12706585855360295,0.12707043602965115,0.12692182142787198,0.1267788017227402,0.12676295731245799,0.12669130075198098,0.12662366474605397,0.1267407723469314,0.12671675307264493,0.12680899635838652,0.12651579398471782,0.12637999952821727,0.12612908532635692,0.12580163180739576,0.12589993739663183,0.12594553933967884,0.12597303573247262,0.12584743896301728,0.1257129261136747,0.12559102029146735,0.12555678844759835,0.1252521074461808,0.1252428617249468,0.125191982780075,0.12507305091445614],["NaN",1.7495791441166675,1.6391716015483906,1.3330569080446186,1.161227079318572,0.943827441535343,0.7596175937564845,0.6573670926976197,0.5488434406291145,0.4874618843224171,0.44155748937239625,0.40392578663066264,0.3596112498701529,0.3285589650531153,0.2940759410798608,0.2702588805318823,0.25483589859169725,0.22889414395360536,0.21415159209524634,0.204187555844599,0.19614941470987876,0.18047705407712875,0.1708180246204635,0.1685321115566798,0.16080382704197826,0.15920076402051778,0.14692670020747728,0.14724966041506457,0.14536255809940987,0.14200804400275308,0.13680988404394073,0.1330826372246163,0.1316622893805448,0.131342314820616,0.1314980322464027,0.12962619250494817,0.12817920691275145,0.12631590997878095,0.12141749005123335,0.11797194812181563,0.11797066145781329,0.11615920343322525,0.11597363056276043,0.11572250628661983,0.11397225259978806,0.11235539701784784,0.11257692070498009,0.11271910227915585,0.11284170277742923,0.1128456285203371,0.11177876001592732,0.11021722916375257,0.11012058424915301,0.10803282735045455,0.10796490559958025,0.10810877975505519,0.10800406095601092,0.10801073003119911,0.1078750366359782,0.10615535375139659,0.10622702810772557,0.10607071024403898,0.10618848077665276,0.10610270112707938,0.10278184753122996,0.10272284593063927,0.10269244461593319,0.10269680694948563,0.10253315287579216,0.10238336531296033,0.10216763312411836,0.10207290180073998,0.1018913671151969,0.10173062724389519,0.10186867330482005,0.10177405683202304,0.10182464589246672,0.10188638180917546,0.10181475185463053,0.10175345696379236,0.10171272416405794,0.10173730011725819,0.10172286579950825,0.1018575613680316,0.10186073679702815,0.10196094198954135,0.10177549821197018,0.1003477594368343,0.10026362956194827,0.09843515130451069,0.09846523693845535,0.09849451683464865,0.09698782997790031,0.09695071381610376,0.09690435932495178,0.0967517052220346,0.0967848211549714,0.09653713994203776,0.09656331886156488,0.09662988091249702,0.09660602645153084],["NaN",0.0486246179494304,0.05102478346625504,0.04533241474336893,0.04176120684368676,0.037548157092749126,0.033955388692579504,0.0320809559694262,0.028445809937493377,0.026278520849724627,0.024964819930161048,0.022855955534777414,0.02187435206303131,0.020806376481548573,0.019233752132774933,0.01823818134848876,0.01693864903945466,0.01651868676440223,0.015741935483870966,0.01486374896779521,0.014553336429787893,0.014189886480908152,0.013880288957688338,0.013001754204932412,0.01253740584047054,0.011711897636982768,0.011866680425136725,0.011815086162418739,0.011969868950572697,0.011969868950572697,0.011711897636982768,0.011402332060674853,0.01119595500980291,0.011041172221648953,0.011041172221648953,0.010731606645341039,0.011092766484366938,0.010628418119905067,0.010525229594469094,0.010318852543597152,0.010370446806315138,0.010628418119905067,0.010680012382623052,0.01083479517077701,0.010525229594469094,0.01021566401816118,0.010112475492725209,0.010112475492725209,0.009957692704571251,0.009802909916417295,0.009544938602827365,0.00949334434010938,0.009699721390981323,0.00949334434010938,0.009235373026519451,0.009235373026519451,0.009286967289237436,0.009286967289237436,0.00913218450108348,0.009183778763801465,0.00913218450108348,0.009028995975647509,0.009286967289237436,0.009286967289237436,0.009390155814673408,0.009390155814673408,0.009235373026519451,0.009338561551955423,0.009235373026519451,0.00913218450108348,0.008977401712929522,0.009080590238365494,0.00913218450108348,0.009028995975647509,0.008977401712929522,0.00887421318749355,0.00887421318749355,0.008822618924775564,0.00887421318749355,0.00877102466205758,0.00877102466205758,0.008925807450211537,0.00887421318749355,0.008977401712929522,0.00887421318749355,0.008925807450211537,0.008822618924775564,0.00887421318749355,0.008925807450211537,0.008719430399339593,0.008667836136621608,0.008616241873903622,0.008822618924775564,0.008616241873903622,0.008616241873903622,0.008461459085749665,0.008461459085749665,0.008461459085749665,0.008616241873903622,0.008667836136621608,0.008616241873903622],["NaN",0.47477345850244534,0.41157892483834946,0.3815951377726824,0.37422104753942165,0.370846020240567,0.3705934871632402,0.3685121571124387,0.36756513555328185,0.3683957245846837,0.3677781191088569,0.3667917218084441,0.3650711570455238,0.3637489308636139,0.36467452961820696,0.36386131060774707,0.3639008334687243,0.36368967812439884,0.36267971820950823,0.3623165088036242,0.36234950334122945,0.3621869089526965,0.36203223982566185,0.36145511952648035,0.36186975723318104,0.3620829811543869,0.36209964392326965,0.36258748246056743,0.36245750302078983,0.36273140513637386,0.3619812651295327,0.3623049776934549,0.3617488587373359,0.3612611000983331,0.36093879032479576,0.36102448076824434,0.3609518916369251,0.36133943776370386,0.3613929788066229,0.3618004086139179,0.36152515472042795,0.36164064221825476,0.3613040922175773,0.36141727265867624,0.36118030064261625,0.3613714430987484,0.361199574014579,0.36140915934817386,0.36163546095101257,0.3613453296891423,0.36178529746367194,0.36218257255518443,0.3618388869582569,0.3616803169717604,0.36146023610743233,0.36126116907529715,0.3610652271458294,0.3613494260806715,0.3610930908019034,0.36075459979506097,0.3607465457242175,0.36079289000296333,0.3608275535098065,0.3607601397788424,0.36070584050862337,0.3608202658311769,0.36050697227205564,0.36038090218687713,0.36034954570447225,0.36032251475370386,0.3601996537741142,0.3600258107258371,0.35976428722516224,0.3597145134025406,0.3594909251763376,0.3592800291922017,0.35937679822190594,0.3595161043351579,0.35932760357788646,0.35928255796290826,0.3591409551586149,0.3590980193462033,0.35906065532136344,0.35914748662485324,0.35923026390052815,0.3594533703342469,0.3592489862662741,0.3593909220590278,0.35922483003512634,0.35902608238711986,0.35909624296510245,0.35900804439908074,0.3587893277613514,0.3586189707033465,0.35856348852410985,0.35863141084992767,0.3586097097154441,0.35827105778807394,0.35822445058957264,0.35813703050390305,0.3581535942506839],["NaN",6.946248191965365,4.176842273508891,2.8010448724446637,2.2243666808354705,1.785570076312159,1.582015797459418,1.4294626200825264,1.2899109653875265,1.2174357191371508,1.1105084258482667,1.0443815120325979,0.977329726535622,0.9533671556530029,0.9347802136157951,0.8695487612209415,0.8272200412415989,0.8153101366993074,0.7929582038544747,0.7824424870139683,0.7826829454439862,0.7713239587683681,0.7609026549598281,0.7384954243177069,0.7292863163894618,0.7198424901622799,0.7002568119889723,0.6912817861019842,0.6713999692077371,0.6397965153531432,0.6286763132591006,0.6284020517869118,0.6161662747244103,0.6153668534148041,0.6130509645960138,0.6134381698939279,0.6132800266804975,0.6031902007307985,0.6035777326796884,0.6041780382501443,0.5930137351040671,0.5727638136558522,0.5719360165268956,0.5724498668797116,0.5719487803922526,0.5722648097802838,0.5609431531544848,0.5615025882159889,0.5620754570229575,0.5613196374038687,0.5624806028265725,0.5538725245293297,0.5534075431915382,0.542587379083517,0.5313746526582541,0.530525715370612,0.5298792093808153,0.5307285801345737,0.5299457265052843,0.5198910194912021,0.5195595800213899,0.5197432745174911,0.5197971293799138,0.5196892813010326,0.519581641558048,0.5200582183390179,0.5074211568737131,0.5074020871776592,0.5074528569258192,0.5074003903213455,0.506893863721418,0.5061832274962145,0.4955060297226295,0.49472019670886636,0.4942507645258727,0.4929394590926978,0.4933231303656949,0.4934134803381388,0.4930428206403667,0.4931590796782048,0.49283616603160624,0.4929829779685172,0.49290884253696243,0.49331425191835704,0.4934934438271042,0.4837825406551554,0.483024748471067,0.48347954005535504,0.48249410640820345,0.48204388842999335,0.4822473509648264,0.4819222217144979,0.48147006482932847,0.48134592898144835,0.479343777091014,0.47935535589501616,0.47930886306840587,0.4785339359173742,0.47827250143106487,0.4780565759657251,0.47816384433691267],["NaN",0.21675213675213675,0.19042735042735043,0.1753846153846154,0.17025641025641025,0.16923076923076924,0.1688888888888889,0.16273504273504275,0.16376068376068376,0.16683760683760684,0.1664957264957265,0.16786324786324786,0.16376068376068376,0.1582905982905983,0.16273504273504275,0.1647863247863248,0.16205128205128205,0.16,0.1576068376068376,0.1552136752136752,0.15623931623931625,0.15555555555555556,0.15487179487179487,0.1541880341880342,0.15555555555555556,0.15726495726495726,0.15794871794871795,0.1582905982905983,0.15658119658119657,0.15452991452991452,0.1535042735042735,0.15623931623931625,0.15452991452991452,0.1552136752136752,0.15623931623931625,0.1558974358974359,0.15555555555555556,0.1558974358974359,0.15555555555555556,0.15452991452991452,0.15452991452991452,0.1558974358974359,0.15487179487179487,0.1558974358974359,0.15487179487179487,0.1558974358974359,0.15487179487179487,0.15555555555555556,0.15658119658119657,0.1582905982905983,0.15726495726495726,0.15658119658119657,0.15487179487179487,0.1552136752136752,0.1552136752136752,0.15452991452991452,0.1535042735042735,0.15452991452991452,0.1552136752136752,0.15316239316239316,0.15282051282051282,0.1511111111111111,0.1517948717948718,0.1511111111111111,0.15145299145299146,0.15247863247863247,0.15316239316239316,0.1517948717948718,0.15042735042735042,0.15145299145299146,0.1517948717948718,0.15282051282051282,0.1517948717948718,0.15145299145299146,0.1511111111111111,0.1511111111111111,0.1517948717948718,0.15282051282051282,0.15247863247863247,0.1517948717948718,0.15213675213675212,0.15213675213675212,0.15213675213675212,0.15145299145299146,0.1511111111111111,0.15076923076923077,0.1511111111111111,0.15042735042735042,0.15042735042735042,0.15076923076923077,0.15042735042735042,0.1511111111111111,0.15008547008547007,0.15042735042735042,0.15042735042735042,0.15076923076923077,0.1511111111111111,0.15042735042735042,0.15008547008547007,0.15008547008547007,0.15042735042735042]]},"training_metrics":{"__meta":{"schema_version":3,"schema_name":"ModelMetricsMultinomialV3","schema_type":"ModelMetricsMultinomial"},"model":{"__meta":{"schema_version":3,"schema_name":"ModelKeyV3","schema_type":"Key<Model>"},"name":"drf-100-50-battle_results","type":"Key<Model>","URL":"/3/Models/drf-100-50-battle_results"},"model_checksum":1789406487033164772,"frame":{"__meta":{"schema_version":3,"schema_name":"FrameKeyV3","schema_type":"Key<Frame>"},"name":"train.hex","type":"Key<Frame>","URL":"/3/Frames/train.hex"},"frame_checksum":-7489936643349308214,"description":"Metrics reported on Out-Of-Bag training samples","model_category":"Multinomial","scoring_time":1592620657348,"predictions":null,"MSE":0.01564326806505014,"RMSE":0.12507305091445614,"nobs":19382,"custom_metric_name":null,"custom_metric_value":0.0,"r2":0.9921733069674342,"hit_ratio_table":{"__meta":{"schema_version":3,"schema_name":"TwoDimTableV3","schema_type":"TwoDimTable"},"name":"Top-5 Hit Ratios","description":"","columns":[{"__meta":{"schema_version":-1,"schema_name":"ColumnSpecsBase","schema_type":"Iced"},"name":"k","type":"string","format":"%s","description":"K"},{"__meta":{"schema_version":-1,"schema_name":"ColumnSpecsBase","schema_type":"Iced"},"name":"hit_ratio","type":"float","format":"%f","description":"Hit Ratio"}],"rowcount":5,"data":[["1","2","3","4","5"],[0.99138373,0.99788463,0.99881333,0.9995357,1.0]]},"cm":{"__meta":{"schema_version":3,"schema_name":"ConfusionMatrixV3","schema_type":"ConfusionMatrix"},"table":{"__meta":{"schema_version":3,"schema_name":"TwoDimTableV3","schema_type":"TwoDimTable"},"name":"Confusion Matrix","description":"Row labels: Actual class; Column labels: Predicted class","columns":[{"__meta":{"schema_version":-1,"schema_name":"ColumnSpecsBase","schema_type":"Iced"},"name":"sample.Corners","type":"long","format":"%d","description":"sample.Corners"},{"__meta":{"schema_version":-1,"schema_name":"ColumnSpecsBase","schema_type":"Iced"},"name":"sample.Crazy","type":"long","format":"%d","description":"sample.Crazy"},{"__meta":{"schema_version":-1,"schema_name":"ColumnSpecsBase","schema_type":"Iced"},"name":"sample.Fire","type":"long","format":"%d","description":"sample.Fire"},{"__meta":{"schema_version":-1,"schema_name":"ColumnSpecsBase","schema_type":"Iced"},"name":"sample.SittingDuck","type":"long","format":"%d","description":"sample.SittingDuck"},{"__meta":{"schema_version":-1,"schema_name":"ColumnSpecsBase","schema_type":"Iced"},"name":"sample.Walls","type":"long","format":"%d","description":"sample.Walls"},{"__meta":{"schema_version":-1,"schema_name":"ColumnSpecsBase","schema_type":"Iced"},"name":"Error","type":"double","format":"%.4f","description":"Error"},{"__meta":{"schema_version":-1,"schema_name":"ColumnSpecsBase","schema_type":"Iced"},"name":"Rate","type":"string","format":"= %12s","description":"Rate"}],"rowcount":6,"data":[[3879,0,0,0,27,3906],[0,3841,1,0,59,3901],[0,11,3883,0,33,3927],[0,1,0,3861,1,3863],[0,25,9,0,3751,3785],[0.0,0.009541000515729758,0.0025687130747495505,0.0,0.030999741668819428,0.008616241873903622],["0 / 3.879","37 / 3.878","10 / 3.893","0 / 3.861","120 / 3.871","167 / 19.382"]]}},"logloss":0.09660602645153084,"mean_per_class_error":0.008621891051859749},"validation_metrics":{"__meta":{"schema_version":3,"schema_name":"ModelMetricsMultinomialV3","schema_type":"ModelMetricsMultinomial"},"model":{"__meta":{"schema_version":3,"schema_name":"ModelKeyV3","schema_type":"Key<Model>"},"name":"drf-100-50-battle_results","type":"Key<Model>","URL":"/3/Models/drf-100-50-battle_results"},"model_checksum":1789406487033164772,"frame":{"__meta":{"schema_version":3,"schema_name":"FrameKeyV3","schema_type":"Key<Frame>"},"name":"test.hex","type":"Key<Frame>","URL":"/3/Frames/test.hex"},"frame_checksum":1397587033816451812,"description":null,"model_category":"Multinomial","scoring_time":1592620657575,"predictions":null,"MSE":0.1282739970746835,"RMSE":0.3581535942506839,"nobs":2925,"custom_metric_name":null,"custom_metric_value":0.0,"r2":0.9418222955777095,"hit_ratio_table":{"__meta":{"schema_version":3,"schema_name":"TwoDimTableV3","schema_type":"TwoDimTable"},"name":"Top-5 Hit Ratios","description":"","columns":[{"__meta":{"schema_version":-1,"schema_name":"ColumnSpecsBase","schema_type":"Iced"},"name":"k","type":"string","format":"%s","description":"K"},{"__meta":{"schema_version":-1,"schema_name":"ColumnSpecsBase","schema_type":"Iced"},"name":"hit_ratio","type":"float","format":"%f","description":"Hit Ratio"}],"rowcount":5,"data":[["1","2","3","4","5"],[0.84957266,0.95692307,0.9835897,0.9945299,1.0]]},"cm":{"__meta":{"schema_version":3,"schema_name":"ConfusionMatrixV3","schema_type":"ConfusionMatrix"},"table":{"__meta":{"schema_version":3,"schema_name":"TwoDimTableV3","schema_type":"TwoDimTable"},"name":"Confusion Matrix","description":"Row labels: Actual class; Column labels: Predicted class","columns":[{"__meta":{"schema_version":-1,"schema_name":"ColumnSpecsBase","schema_type":"Iced"},"name":"sample.Corners","type":"long","format":"%d","description":"sample.Corners"},{"__meta":{"schema_version":-1,"schema_name":"ColumnSpecsBase","schema_type":"Iced"},"name":"sample.Crazy","type":"long","format":"%d","description":"sample.Crazy"},{"__meta":{"schema_version":-1,"schema_name":"ColumnSpecsBase","schema_type":"Iced"},"name":"sample.Fire","type":"long","format":"%d","description":"sample.Fire"},{"__meta":{"schema_version":-1,"schema_name":"ColumnSpecsBase","schema_type":"Iced"},"name":"sample.SittingDuck","type":"long","format":"%d","description":"sample.SittingDuck"},{"__meta":{"schema_version":-1,"schema_name":"ColumnSpecsBase","schema_type":"Iced"},"name":"sample.Walls","type":"long","format":"%d","description":"sample.Walls"},{"__meta":{"schema_version":-1,"schema_name":"ColumnSpecsBase","schema_type":"Iced"},"name":"Error","type":"double","format":"%.4f","description":"Error"},{"__meta":{"schema_version":-1,"schema_name":"ColumnSpecsBase","schema_type":"Iced"},"name":"Rate","type":"string","format":"= %11s","description":"Rate"}],"rowcount":6,"data":[[194,0,2,0,7,203],[7,610,33,4,25,679],[27,23,385,119,15,569],[2,0,5,69,1,77],[64,69,34,3,1227,1397],[0.3401360544217687,0.13105413105413105,0.16122004357298475,0.6461538461538462,0.03764705882352941,0.15042735042735042],["100 / 294","92 / 702","74 / 459","126 / 195","48 / 1.275","440 / 2.925"]]}},"logloss":0.47816384433691267,"mean_per_class_error":0.263242226805252},"cross_validation_metrics":null,"cross_validation_metrics_summary":null,"status":null,"start_time":1592620628896,"end_time":1592620657603,"run_time":28707,"default_threshold":0.5,"help":{"validation_metrics":"Validation data model metrics", "cross_validation_metrics_summary":"Cross-validation model metrics summary", "start_time":"Start time in milliseconds", "run_time":"Runtime in milliseconds", "status":"Job status", "domains":"Domains for categorical columns", "model_category":"Category of the model (e.g., Binomial)", "default_threshold":"Default threshold used for predictions", "__meta":"Metadata on this schema instance, to make it self-describing.", "variable_importances":"Variable Importances", "model_summary":"Model summary", "scoring_history":"Scoring history", "help":"Help information for output fields", "end_time":"End time in milliseconds", "names":"Column names", "column_types":"Column types", "original_names":"Original column names", "cross_validation_fold_assignment_frame_id":"Cross-validation fold assignment (each row is assigned to one holdout fold)", "training_metrics":"Training data model metrics", "cross_validation_models":"Cross-validation models (model ids)", "cross_validation_metrics":"Cross-validation model metrics", "cross_validation_predictions":"Cross-validation predictions, one per cv model (deprecated, use cross_validation_holdout_predictions_frame_id instead)", "init_f":"The Intercept term, the initial model function value to which trees make adjustments", "cross_validation_holdout_predictions_frame_id":"Cross-validation holdout predictions (full out-of-sample predictions on training data)"},"variable_importances":{"__meta":{"schema_version":3,"schema_name":"TwoDimTableV3","schema_type":"TwoDimTable"},"name":"Variable Importances","description":"","columns":[{"__meta":{"schema_version":-1,"schema_name":"ColumnSpecsBase","schema_type":"Iced"},"name":"variable","type":"string","format":"%s","description":"Variable"},{"__meta":{"schema_version":-1,"schema_name":"ColumnSpecsBase","schema_type":"Iced"},"name":"relative_importance","type":"double","format":"%5f","description":"Relative Importance"},{"__meta":{"schema_version":-1,"schema_name":"ColumnSpecsBase","schema_type":"Iced"},"name":"scaled_importance","type":"double","format":"%5f","description":"Scaled Importance"},{"__meta":{"schema_version":-1,"schema_name":"ColumnSpecsBase","schema_type":"Iced"},"name":"percentage","type":"double","format":"%5f","description":"Percentage"}],"rowcount":7,"data":[["Target Heading","Target Velocity","Target Pos Y","Target Pos X","Distance","Hit","Power"],[262712.15625,211582.59375,193540.703125,180914.8125,102208.453125,60367.0546875,9860.6435546875],[1.0,0.8053780105578955,0.7367025031792757,0.6886427148344035,0.38905109905815405,0.22978401741735163,0.03753402086694456],[0.2572617025437872,0.20719291818745245,0.1895253402361703,0.1771613972626744,0.10008794812023233,0.05911462753813913,0.009656066111544194]]},"init_f":0.0},"compatible_frames":null}
